source_id,original_ext_source_id,angular_distance,number_of_neighbours,xm_flag
139860666488305664,13375,0.0021355546,1,8
386653851004022144,473,0.13805914,1,72
1362451076122760320,86414,0.003647587,1,8
1022456104850892928,120005,0.070297584,1,72
1022456139210632064,45343,0.06234442,1,72
1575287046603605888,59774,0.005324063,1,8
1823067317695766784,98337,0.00808102,1,8
65271996684817280,17499,0.0075601973,1,8
892348694913501952,36850,0.8372706,1,16
1314438839310796800,82003,0.001834194,1,8
1459043241342371328,67665,0.007435912,1,8
424422281584852352,4012,0.00048416742,1,8
1041808368494264576,41704,0.006090742,1,8
522863309964987520,4872,0.0013694282,1,8
1642641410934267008,79755,0.0011941448,1,8
622052899598187392,49583,0.0075206812,1,8
168726523212358272,18246,0.026458673,1,8
946632924007399936,34603,0.007148779,1,8
201261278441958656,23767,0.023683364,1,8
231113736385994624,17666,0.018518006,1,72
1505343882144388864,69038,0.010227878,1,8
196944217825405184,28404,0.0031988174,1,8
438829629114680704,12777,0.0055530216,1,8
1129149723913123456,57544,0.015084269,1,72
1460229442589223424,64394,0.008667995,1,8
1534011998572555776,61317,0.0070980308,1,8
1117104986348319232,44390,0.0066099036,1,8
1471777269618346240,66459,0.0015257113,1,8
1339952869195300608,84380,0.0037055437,1,8
1517698716348324992,63125,0.022353413,1,8
1352588216303348608,81833,0.0061446303,1,8
1049765396704695936,48319,0.008409774,1,8
1812371096773414144,101810,0.004960895,1,8
1254695603704323712,70529,0.0001457349,1,8
1279798794197267072,72105,0.009150489,1,8
762815470562110464,54035,0.10223267,1,72
385334230892516480,1475,0.029472023,1,72
1561883759343666304,66738,0.003313761,1,8
1214160733157163008,75187,0.002888627,1,8
66526127137440128,17847,0.019823568,1,8
386655019234959872,428,0.0014880238,1,8
1614731957531452544,75458,0.007948959,1,8
1006142960069707648,29919,0.0020668062,1,8
641662895638787584,47908,0.0112826545,1,8
880495478530513920,38541,0.00972739,1,72
1398822783330261248,78574,0.0014003167,1,8
454491381981202944,13268,0.008345241,1,8
1621259036510505344,73199,0.05727058,1,8
1057879895596316416,56936,0.014582403,1,72
1229089524081628416,70865,0.0016824125,1,8
1201067439457715072,80170,0.0071534454,1,8
1254694882149817728,70536,0.0033600812,1,8
1872046574983497216,104217,0.15842918,1,72
786420645182229504,57399,0.008202587,1,8
823228721067307392,49189,0.00073597877,1,8
470826482637310080,21088,0.040717363,1,72
1661568850770761600,68184,0.00064864213,1,8
1243381938292692096,67459,0.0044743363,1,8
660136821288588416,42911,0.009409694,1,8
35845938787261952,13654,0.42688197,1,16
672091364541849344,38082,0.0076705036,1,8
644306911864817152,46750,0.021146096,1,8
160886283751041408,23015,0.013415926,1,8
1278391075717325312,74666,0.0014703276,1,8
779106556394253824,54539,0.0071767666,1,8
1415230383034813824,85670,0.023404354,1,8
266846631637524864,23518,0.01926064,1,72
1187851653287128576,72944,0.07418557,1,72
643819484617141504,48455,0.0027918227,1,8
939072613334579328,33226,0.004372994,1,8
399402894487590144,7607,0.00791319,1,8
1428427236986209024,80459,0.005041723,1,8
1563590579347125632,65378,0.014713058,1,8
1057318835428596096,55360,0.013990921,1,72
1143321672882274560,29277,0.0017522089,1,8
48026706558487040,20889,0.00963506,1,8
1833199729671740800,98792,0.0015362807,1,8
1470462322431834880,66906,0.004118761,1,8
222749343414443648,16209,0.004952099,1,8
922225002820369152,38956,0.0009827216,1,8
1381119031215320576,80704,0.029476019,1,8
778947814402602752,54211,0.04740126,1,72
436648129327098496,14632,0.004893461,1,8
1144716265942885888,47193,0.0037742793,1,8
1193030490492925824,78072,0.006556769,1,8
772430527947893632,57050,0.0038230675,1,8
523433578540463488,5247,0.00062813994,1,8
1669449084967071872,71898,0.05196071,1,72
1642642957122493824,79762,0.0053853034,1,8
1790202365373760256,105502,0.0074326717,1,8
1297565458994346240,80816,0.01036532,1,8
939307084189685248,33018,0.005861239,1,8
205499655242974464,23416,0.01570678,1,8
1014058103758571520,44127,0.02872341,1,8
272855565763652480,21553,0.0010500392,1,8
1784473016438653056,106106,0.003172192,1,8
1222646935698492160,76267,0.047960453,1,8
326173044957518080,10644,0.006047546,1,8
798068905726303232,47080,0.037513975,1,72
235423517026072960,15234,0.00493387,1,8
823773494718931968,49908,0.0048467387,1,72
1061909811871141504,56211,0.007243982,1,8
533621859441169920,4856,0.0023746884,1,8
145421309108301184,20917,0.0024875335,1,8
1220404653534258816,78159,0.007863987,1,8
873035017257455104,36046,0.0038598569,1,8
746572522723948672,49066,0.0041381093,1,8
1872046609345556480,104214,0.12719344,1,72
1625209684868707328,80331,0.01627111,1,8
1713631344821548544,70692,0.018012632,1,72
588551501854159744,47508,0.017988928,1,8
614543647497149056,47513,0.0035130908,1,8
1244644727396803584,67090,0.0028766068,1,8
1051547052218220160,48714,0.0011279435,1,8
1637645127018395776,86162,0.0034939318,1,8
1197588859547184640,77450,0.0110866735,1,8
1237090738916392704,72659,0.47370374,1,72
96331172942614528,7981,0.004029675,1,8
66714384142368256,17702,1.2112398,1,16
876370076542359936,39157,0.0012082959,1,8
699870869414974336,45058,0.014105266,1,8
757565233820538752,55219,0.002089773,1,8
1349047857580994560,86776,0.0014961264,1,8
1431783457574556672,82257,0.004135494,1,8
512167948043650816,8362,0.00279659,1,8
1876331990259358976,112440,0.011466124,1,8
114207651462714880,12781,0.0047897603,1,8
219057458247921536,18915,0.004557583,1,8
285049252792128512,23522,0.004173242,1,8
491805851686912000,16404,0.0027915798,1,8
583588100209595776,43813,0.013680879,1,8
872128538640246144,36962,0.0077883154,1,8
1284537517514584704,71053,0.0070510413,1,8
418001477279154304,2920,0.0076297414,1,8
418551920284673408,3179,0.033755917,1,8
1421593566062037120,87585,0.006967801,1,8
510204838759030144,6686,0.010726951,1,8
1064092789129355136,46733,0.0038273192,1,8
1148730170578687744,36547,0.007325226,1,8
2965792913525710976,27654,0.012001574,1,8
3704342295607157120,63090,0.0033027125,1,8
2832827391830929920,112120,0.0035619126,1,8
2067518817314952576,100453,0.0728894,1,16
2154880616774131840,91768,0.06706487,1,72
2940856402123426176,29295,0.10519264,1,72
2939555954755196160,31592,0.0049365903,1,8
3211461469444773376,23311,0.0024859116,1,8
3287731945364911232,22549,0.01124492,1,8
2136270970154631168,95853,0.006625261,1,8
2195886971653527168,103096,0.0016011773,1,8
2211820991085587584,112724,0.008161047,1,8
2272185759996420992,106032,0.20841298,1,16
2315550051916217856,2210,0.012067184,1,8
3339921875389105152,26335,0.00035944977,1,8
2106630885454013184,92862,0.009587688,1,8
2185710338703934976,98906,0.009937085,1,8
2011251030583236352,116085,0.0022494749,1,8
3478160727866058368,56528,0.0017940373,1,8
2921635736292220800,33977,0.019822592,1,8
2396530698208685312,113576,0.002555827,1,8
2386316510063903616,114341,0.012675874,1,8
2976850598890749824,23512,0.0011508166,1,8
2989528414633822464,24169,0.0062657674,1,8
3566643651231641600,54651,0.0014686207,1,8
2671038928727970944,106278,0.0026793368,1,8
3655377057091634304,72220,0.026049703,1,8
3735000631158990976,62452,0.0014067496,1,8
2059372363884259072,98110,0.0042103333,1,8
2900546759663847168,26634,0.015446674,1,8
3478127463341507072,56452,0.018214563,1,72
3490234568129160704,59316,0.010857233,1,8
2391835199442300544,115669,0.007323579,1,8
3507879565090229888,64924,0.010499641,1,8
3207534529304666240,24674,0.028197022,1,8
3216486443742786048,26549,0.048204184,1,16
3269362645115584640,15457,0.002460191,1,8
2515037264041041536,10279,0.0013232048,1,8
2519329585637068160,9560,0.002149977,1,8
3553136288324444544,53740,0.0071067,1,8
3519785523672576384,60559,0.0089858435,1,72
2996171698248699904,27288,0.004346567,1,8
3561350430457837056,55282,0.01816944,1,8
3220756843825383936,25930,0.0620545,1,16
2560771312759450496,8051,0.0011407291,1,8
3296329370379163520,22957,0.006320238,1,8
2022881668925464320,95771,0.0035766952,1,8
2246206567973292160,101180,0.0022407835,1,8
3487062064765702272,58345,0.0047431733,1,72
3557567320183657472,52943,0.0032463875,1,8
2627117287488522240,109388,0.006330627,1,8
2552928187080872832,3829,0.006327549,1,8
2793343001564046976,2219,0.009216071,1,8
2009481748875806976,114622,0.0050941776,1,8
3409711211681795584,21932,0.0052316324,1,8
2199493438511811712,109492,0.008327948,1,8
2154880616774131712,91772,0.09728249,1,72
2911981886751531648,29052,0.0023925274,1,8
2392584791494639744,115438,0.005585096,1,8
2995725777563537792,28103,0.0021388112,1,8
2429978803998630400,1562,0.0022066657,1,8
2610370969483589888,112961,0.014789644,1,8
2680356911816018048,109074,0.009142671,1,8
2739689239311660672,117473,0.008082805,1,72
3741297293732404352,67155,0.0056582037,1,72
2804918316384272128,3693,0.011429688,1,8
3089711447388931584,40501,0.0017791535,1,8
3098404220680931968,40526,0.010600977,1,8
2824770686019003904,116132,0.27801415,1,72
2251191616254289152,97433,0.009183891,1,8
2365464065885835904,1170,0.00943182,1,8
3011968416163350272,27366,0.046567805,1,16
2630576144911349248,114939,0.0141867865,1,8
3657653114880309248,68469,0.004183582,1,8
3366754155291545344,34088,0.011498495,1,8
2802397960855105920,3093,0.0019213224,1,8
1971163631220899968,106481,0.0054795584,1,8
2261614264931057664,96100,0.0027586466,1,8
2964000159821218432,27072,0.011326992,1,8
2358524597030794112,5643,0.0063424604,1,8
2452378776434477184,8102,0.0075398358,1,8
3019816764523863552,29651,0.014031494,1,8
2658974606111711488,114971,0.009481372,1,8
3352485999058854912,32362,0.021960452,1,8
3384529341302871296,32246,0.0059960783,1,8
2851617392714906880,118131,0.016217444,1,8
2043823929421342848,93194,0.0047795316,1,8
2093931938472201600,92791,0.039576128,1,8
3501215734352781440,61359,0.0022201566,1,8
3359074685047632640,31635,0.003128945,1,8
1934263333784036736,112460,0.003212777,1,8
2952868119987647744,33160,0.004883169,1,8
2644439955745152512,116317,0.0038939707,1,8
2713996126469641984,114347,0.08509964,1,16
2090687795056051328,92420,0.008640892,1,8
2921973698674974592,33152,0.008469427,1,8
3520586071217872896,60965,0.02023796,1,8
2603090003484152064,113020,0.0050912923,1,8
2470140321630664064,5364,0.007108494,1,8
3630035787972473600,65877,0.0052281036,1,8
3101923001490347392,32984,0.003590242,1,8
3689602277083844480,62687,0.0010476058,1,8
3136952686035250688,37766,0.0048899762,1,8
2552925644460225152,3765,0.0006480391,1,8
3305012316783533056,18724,0.0033433922,1,8
3360277997443303424,34909,0.018067447,1,8
2195115561168483712,102422,0.0065539456,1,8
2896572746685604480,30122,0.02975097,1,8
3490322803937287680,57613,0.0069152378,1,8
3139847906307949696,36208,0.009412387,1,72
3288921720025503360,22449,0.008015933,1,8
3340477717172813568,26857,0.033982802,1,72
1988193348344678656,111169,0.0045139324,1,8
3478394889483944320,56343,0.0033765535,1,8
2971266110612490624,25985,0.0085592605,1,8
3214077516844988800,25281,0.019120743,1,8
2591891443195067264,7097,0.05275521,1,8
3402918982515591168,26451,0.5115154,1,16
1876510592179455744,112748,0.0058876863,1,8
1893189736896880640,108706,0.008750077,1,8
1907131544341497600,109937,0.0034036145,1,8
2139664063041544576,94779,0.0055705938,1,8
3536123338748976256,54532,0.00047402098,1,8
2603370653827638656,112716,0.015302731,1,8
3041619014955371392,37447,0.007105752,1,8
2683023811628007296,108782,0.0006641583,1,8
3334901543952614528,26366,0.00416445,1,8
3338097377577012480,25578,0.009459562,1,8
3736865265441207424,63608,0.013211795,1,8
2769202742740232960,1067,0.04206955,1,8
2828928008202069376,113296,0.0024249912,1,8
2817999068780218368,115332,0.008160694,1,8
2079784488001577600,97165,0.028603392,1,8
2887731882922767744,27628,0.004801301,1,8
2442861747380543104,154,0.0059164353,1,8
3738099879558957952,65859,0.004385897,1,72
3400796031719045632,25945,0.009599588,1,8
2090085056523454464,91699,0.003274209,1,8
2202630001603369856,107259,0.012130635,1,8
2255173119658513408,94376,0.012347519,1,8
3184351876391975808,21556,0.0018659903,1,8
3209938366665770752,25878,0.0048579318,1,72
3232262786334597888,22797,0.018862218,1,8
3296627028792695168,22667,0.031333648,1,8
3312052249215275904,20205,0.007341819,1,8
3168265196643846400,35350,0.00685159,1,8
1939115478598580352,116584,0.002044662,1,8
4722111590409480064,15330,0.0011481054,1,8
5250032958818831360,47854,0.0037655635,1,8
4911306239828325760,7751,0.11866345,1,72
4775977077371116672,21281,1.2637532,1,16
5412250540681250560,47780,0.014202245,1,72
4426032591025363200,77622,0.006267602,1,8
4482432246132106496,88771,0.01106743,1,8
4314399312979641728,93747,0.011185328,1,8
3992011061833780096,54951,0.01916274,1,8
4572835535272627712,83043,0.0013162394,1,8
5260759175761501696,31293,0.014173236,1,72
5300734910309994240,45496,0.006542087,1,8
4776266794388393472,22738,0.02658855,1,72
5540591825707339648,40091,0.0048128795,1,8
4389844948935164544,85665,0.0021319778,1,8
5337891256535666176,54463,0.003006253,1,8
4870527586937201408,20042,0.01145871,1,8
4109030160308317312,84405,0.014802559,1,72
5153091836072107136,14101,0.28214934,1,72
4254395871029677952,93805,0.039172348,1,8
3897724469419137664,57380,0.027173925,1,8
4857520536178521344,18180,0.005627829,1,8
4337352305320149760,81377,0.060235914,1,8
4278722497040124032,91668,0.00859278,1,8
4031586157514097024,57802,0.0014245431,1,8
4034171629042489088,57939,0.047167677,1,72
4683897617110115200,2021,0.01777542,1,8
4936685751336237056,10602,0.0051854113,1,8
4810594479418041856,24186,0.33644995,1,72
4984184825454337408,6351,0.0010089087,1,8
4878631812268014464,21393,0.004714882,1,8
4109034455276324608,84478,0.0045899157,1,8
5114760146310175488,17593,0.012880276,1,8
4240272953377646592,97804,0.0033534989,1,8
4375233191015944192,85295,0.0033975467,1,72
4472097420946809600,87108,0.0084809875,1,8
4293318823182081408,94761,0.0030842482,1,8
3864615459886222464,53020,0.00277411,1,8
5253347574087339776,50371,0.009901149,1,8
5255378028454342272,51232,0.011825438,1,8
5339892367684811520,55042,0.009034721,1,8
4933453324590295040,5165,0.8945721,1,16
5381537023379295232,57443,0.008252499,1,8
5044368071870093312,13847,0.008028795,1,8
5528866839863569024,42808,0.0013264635,1,8
4072953671943400832,92041,1.290579,1,16
5173421634271199104,13701,0.011460321,1,8
4017860992519744384,57087,0.004712395,1,8
5242895960110588160,50099,0.022302132,1,8
5330160246631998848,44511,0.002087996,1,8
4110730486352950144,84970,0.54209316,1,16
5164120762333028736,17378,0.00885745,1,8
4574048021719710848,84794,0.0058066864,1,8
5260759175761502976,31292,0.032195862,1,8
4929469381645492864,7083,0.0061245826,1,8
4076915349846977664,90496,0.019432772,1,8
4084834822776246272,93085,0.004133718,1,8
4156500578347841408,91117,0.0031671058,1,8
4418203587193988480,74537,0.005298715,1,72
4473334474604992384,86742,0.0086036,1,8
3936909723803146368,64797,0.05954657,1,72
3988987164339438208,53767,0.0016061867,1,8
4609802834185436928,87808,0.0050380337,1,8
5195968563310843008,46120,0.0018441001,1,8
5199386085968886528,51839,0.008263766,1,8
4629125170492116224,17678,0.0019129469,1,8
5239828735016184448,52419,0.055641938,1,8
4679407039823519232,18744,0.0033308042,1,8
5136659462996725888,9347,0.0018592675,1,8
4364527594192166400,83591,0.0032842509,1,8
4356298849169862784,79882,0.014728177,1,8
3840711729206827520,46655,0.011031871,1,8
4429785739602747392,77070,0.0039145076,1,8
4310275491469537152,92871,0.0029234258,1,8
4529285391533766400,90139,0.005707581,1,8
5306951892646516992,46701,0.0061644027,1,8
5310393535853560576,45941,0.40621313,1,16
4082115215112774272,94141,0.012875365,1,8
4269932382607207040,89962,0.0128288,1,8
5308225539451195520,48774,0.0056574116,1,8
4846689899968623744,16536,0.003209636,1,8
5449188358930264704,51172,0.0025351632,1,8
3748360796947806208,51069,0.0092482865,1,8
5160075762132996992,13402,0.0022250635,1,8
4282578724832056576,93101,0.0032292807,1,8
4296708789290712064,98036,0.0017873271,1,8
4444057469252265984,83000,0.011936807,1,8
5263150888430619904,37504,0.0059412248,1,8
5269012591076800256,35228,0.012276833,1,8
5332606522595645952,57367,0.0104505485,1,72
4679700059672168960,18597,0.002505719,1,8
5412947081295024896,48331,0.0019913719,1,8
5512070906394195968,36377,0.04586243,1,8
4840356816072211712,19747,0.007336953,1,8
4951967794731342464,12486,0.0040426096,1,8
5538814190283894656,37819,0.0005503416,1,8
4610177733290768896,88972,0.0008992271,1,8
5249119024128109952,48002,0.025362778,1,8
5253796346624992128,51576,0.029406678,1,8
5134635708766250752,8768,0.0018593447,1,8
4330690742322011520,80824,0.006015035,1,72
3828238392559860992,49986,0.0029011304,1,8
4302054339959905920,97278,0.026992677,1,8
4657193606465368704,27080,0.002032254,2,8
4722135642226902656,15371,0.0025909336,1,8
4792774797545800832,27321,0.006426579,1,8
4990516294443333504,765,0.006271326,1,8
4049506483413484672,89931,0.019643366,1,8
4093933487636355968,89341,0.030597502,1,16
4164319171172759040,88048,0.011716363,1,8
4339465360510320128,82809,0.010642881,1,8
4177731838628465408,88574,0.0023441694,1,8
3855208897392952192,51317,0.00293009,1,8
4433711099194059904,80837,0.001938845,1,8
3970052886914547712,54879,0.019546634,1,8
4721111481504887040,13389,0.003993407,1,8
4780294722094459904,19394,0.006449009,1,8
4935615308047192576,6867,0.01621632,1,8
4803692295174064256,28328,0.009216029,1,8
5463554406059006336,49091,0.0040580053,1,8
4081642115877635840,93683,0.0062125237,1,8
4358031335898505472,81300,0.0033260065,1,8
3910661735547769344,55988,0.00020989918,1,8
3928391218812375808,61706,0.0011976497,1,8
4025850731201819392,56997,0.0017506505,1,8
5524834518404115840,42884,0.005359523,1,8
5099455184968674560,15474,0.03112385,1,8
4125171197089493760,86263,0.013890945,1,8
4364480521350598144,83599,0.002653309,1,8
4519789321942643072,93873,0.0026808619,1,8
4584613194593381888,87933,0.004104255,1,8
5267405895350690304,34481,0.0022534316,1,8
4900108950849461248,1599,0.0072755674,1,8
5300300156538723328,45556,0.5524531,1,16
5425628298649940608,47425,0.00034628238,1,8
5534788672055388032,39429,0.84811586,1,16
4224225924761329792,99473,0.018674262,1,8
4550763526539955712,86287,0.00073704234,1,8
4573412435280434560,84379,0.012635351,1,8
5264749303462961280,29271,0.0017955807,1,8
5299440441521812992,45908,0.0017482003,1,8
4946938113149426944,11964,0.0041719065,1,8
5557271829408912896,31685,0.016998116,1,8
5020179503252128768,9786,0.0059470814,1,8
4357027756659697664,79593,0.012304406,1,8
4381250547575102208,82588,0.0027270664,1,8
3796442680948579328,57757,0.014857666,1,8
4472832130942575872,87937,0.39442527,1,72
4519789081415296128,93899,0.003328647,1,8
5273030069128572928,41312,0.0075884024,1,8
4757601523650165120,26069,0.0096161235,1,8
4981626021378444928,4964,0.0015840759,1,8
5382868669400908928,56244,0.0033934086,1,8
3827873938815011200,47431,0.007475101,1,8
3796072592206250624,57548,0.0083286585,1,8
4389237503121158016,85355,0.004427212,1,8
4646535078125821568,14754,0.0016454395,1,8
4662889729476972416,21609,0.005131788,1,8
4075141768785646848,92403,0.0028457954,1,8
4201781696994073472,95071,0.0039592707,1,8
3870025847369674624,51624,0.016146962,1,8
5935906628641616128,83153,0.0038868804,1,8
6209215257553893760,76600,0.80929524,1,16
5715352842388433664,37217,0.0022445053,1,8
6885776098199761024,104432,0.0077490555,1,72
6324308389531786112,70975,0.0026130837,1,8
6890353330746858368,103388,0.0066032084,1,8
5909069886210174080,86929,0.003522685,1,8
6406700636957782144,111310,0.010026663,1,8
6409685433069148288,108569,0.0014156775,1,8
6520955322608285824,111043,0.0077564586,1,8
5958043164999014400,87073,0.020819502,1,8
6161403234933741312,65936,0.4944485,1,16
6322070093095493504,74995,0.0005224259,1,8
6382933589314905472,110618,0.0023052322,1,8
6078114541943893888,61629,0.0018229369,1,8
6093220251160674688,69996,0.013536312,1,8
5640565607657897728,41926,0.0013185949,1,8
6044420729667868928,81266,0.61180526,1,16
6235406071207202688,78265,0.017308742,1,8
6425343818681031040,102395,0.0071655842,1,8
6401464693867773568,105858,0.0022344976,1,8
6673000841376349696,99701,0.0037229275,1,8
5610441600394646016,33856,0.0023307756,1,8
5698015743046182272,39757,0.01350408,1,8
6324325225803432320,71253,0.0042815525,1,8
5690980582306104448,48336,0.008947919,1,72
5778842011026728704,80047,0.01602764,1,8
5917537534527580160,83081,0.015595744,1,8
6080301367488384896,63833,0.0015876968,1,8
5998019895874780928,78384,0.010146954,1,8
5657274198660921472,48659,0.0065587503,1,8
6880093650314169984,100064,0.0078077186,1,8
6110381256839901440,68245,0.018678624,1,8
6002807341299977216,76074,0.0019154848,1,8
6021430250773348736,80018,0.087804064,1,72
6198060746449027968,73903,0.0022059972,1,8
5786929090848333568,68815,0.029039716,1,8
5843518239925459456,63613,0.037389304,1,8
5859405805013401984,59929,0.013456432,1,8
5922444483103229952,85258,0.020649752,1,8
5946986063684477056,86057,0.15565816,1,72
6674382927491854848,101772,0.013166443,1,8
6697578465310949376,99461,0.02943291,1,72
5583216215017531648,32759,0.00794423,1,8
6048602103663486592,80112,0.5493072,1,16
6232511606838403968,73184,0.05191952,1,72
6832916148981189760,104777,0.0016761797,1,8
6307365499463905536,74234,0.024974514,1,72
6268770373590148224,76976,0.0030085377,1,8
5773473920382493440,72370,0.006282381,1,8
5853498713190525696,70890,0.042399194,1,72
6071060144089351808,59747,0.029985571,1,8
5835113573101867520,79537,0.0009214079,1,8
6002777448326587264,76297,0.760521,2,16
5605797194566011520,35904,0.16751692,1,16
6847167606385195648,99825,0.006645291,1,72
6419476755916988032,91792,0.00692807,1,8
6227443304915069056,73714,0.036179047,1,8
6903096911032851584,102618,0.045004927,1,8
5902750168276592256,75181,0.0045544966,1,8
6112195451032545024,67464,0.01154745,1,8
5961206940987571200,86670,0.6371553,1,16
6801963487915169920,102978,0.013345735,1,8
6294928369390563968,67164,0.009073837,1,8
6304988355324252928,69427,0.009760406,1,8
6913577284069471616,102624,0.0034413848,1,8
6378584028690858496,113229,0.0072304825,1,72
5823955832142075776,76440,0.005973736,1,8
5955305209191546112,86214,0.011094185,1,72
6484716209628726912,103458,0.0017734396,1,8
5908509891197204480,73273,1.3127254,1,16
6583272171336048640,105090,0.010124653,1,72
6794047652729201024,102409,0.001432929,1,8
6288325222245417856,67487,0.0032850306,1,8
5664814198431308288,47103,0.00085292064,1,8
6859076107589173120,100568,0.0038842445,1,8
6307374845312759552,74235,0.025143052,1,72
6427464123776727168,99240,0.00879753,1,8
5918660719983560192,86990,0.010138256,1,8
6705977119250947712,88714,0.026761761,1,8
6704767209778958976,90568,0.008058383,1,8
5905821894507108864,71860,0.73853976,1,16
6133474952391837824,61874,0.010299888,1,8
6553614253923452800,114046,0.00821604,1,72
5639188675501966464,42828,0.013718872,1,8
6265374394490973184,76333,0.00527998,1,8
6396597121531742336,106044,0.012480459,1,8
5823248090239625088,74946,0.016297657,1,8
5926920079553285760,82363,0.005158833,1,8
5888394463447019392,74395,0.007483289,1,8
5935306123457567616,80000,0.001992731,1,8
6562924609150908416,106440,0.013537317,1,72
6521011466420795392,110997,0.0047067325,1,8
6328672145023976960,70956,0.00074892625,1,8
5842864786417716608,61199,0.0023288792,1,8
5971244451311982336,82545,0.013223196,1,8
6020624858523492352,81304,0.006725569,1,8
6709267613942522496,90422,0.009045068,1,8
6803883097774049280,104234,0.010210236,1,8
6254033894121581952,76901,0.03931124,1,8
6882393725554653056,104059,0.0036890754,1,8
6351709524967494528,110256,0.008924246,1,8
5951824121022278144,85523,0.003188829,1,8
5951165616611763456,84720,0.09146777,1,72
6109087784495371648,67472,0.016468095,1,8
5908713025970995584,73334,0.73129284,1,16
6760703042771435136,93506,0.8168219,1,16
5606936597848690432,35205,0.0018291752,1,8
5775835843156608256,81065,0.0047489298,1,8
5965222838410499328,84143,0.008577145,1,8
5589311357728452608,35264,0.03005363,1,8
6882963066420161664,103039,0.009514899,1,8
5912398348432135552,85727,0.026852543,1,8
6000130236649730432,75264,0.7396995,1,16
6377828354964753792,117828,0.0032618837,1,8
5964991494281655808,82729,0.0019780726,1,8
6007749027577770496,75177,0.013765271,1,8
6604147121141267712,113283,0.0016716506,1,8
6270558110774003968,68895,0.009802201,1,8
6838311796136238976,107556,0.040513802,1,8
6380214844952702848,116745,0.022123646,1,72
5828952940687722496,79664,0.0033984156,1,8
6058271964884299520,60260,0.008357522,1,8
6412595290592307840,108870,0.067865975,1,72
6750856228950043264,98688,0.004825218,1,8
4761346872572913408,24316,0.0030484204,1,8
4934923028038871296,5862,0.000751335,1,8
2910909931633597312,28035,0.0055539166,1,8
3250489115709122560,17147,0.003744657,1,8
3216486478101982592,26551,0.025535567,1,72
630505494719360,14445,0.0012492386,1,8
466294295706341760,14286,0.056516316,1,72
4708607629114652032,3497,0.0015724229,1,8
2333676738050041728,738,0.003110725,1,8
2936850125355960576,30256,0.002957993,1,8
2460983348274381696,8691,0.002925901,1,8
2550696212836482944,3086,0.028067822,1,72
3400292798990117888,25278,0.003443336,1,8
2860379125997924480,1386,0.00081868353,1,8
523313040665475968,5353,0.0033525084,1,8
5173999736868992512,12749,0.0018794778,1,8
3318145192902885504,28940,0.005635242,1,8
3411339626674506624,21818,0.0017515317,1,8
219375904303684224,18614,0.028894346,1,8
943770757800160384,32560,0.003623999,1,8
2979590513145784192,22762,0.0020659943,1,8
5170039467784804096,15919,0.00091689115,1,8
3204884534485995264,21444,0.013586681,1,8
3394298532176344960,25220,0.0012375471,1,8
87921523897823872,12097,0.00231671,1,8
2860924621205256704,544,0.0034826915,1,8
263916708025623680,26779,0.000734156,1,8
5482827676662168832,31300,0.0020636814,1,8
5569858798004394624,30476,0.0015919681,1,8
5117974602912370432,10798,0.0023250447,1,8
2980492387558410112,22263,0.0012876398,1,8
3338162729799839104,25953,0.007255323,1,8
3456337827237371264,27207,0.009211708,1,72
4971681351020953088,10617,0.003795616,1,8
125820586283986816,15495,0.05192113,1,72
364785939116867072,4436,0.02439805,1,8
369092520004831232,3206,0.002437308,1,8
348020482735930112,7513,0.020784643,1,8
5026317114598696960,5004,0.00052195624,1,8
5042734468172061440,7170,0.017646674,1,72
5091077112524265344,19165,0.0027439946,1,8
2498783458525988992,12387,0.014928367,1,8
111379432679196672,15332,0.008184822,1,8
246137776809763712,19343,0.022172289,1,8
459661938487951360,13716,0.05370433,1,8
5476589734884246528,29322,0.003912571,1,8
4726357491998516480,12261,0.010270677,1,8
5500061456275483776,28754,0.0012920974,1,8
3213958769587525888,24819,0.054370157,1,72
3263836568394170880,16852,0.008595737,1,8
3374633977170787072,28671,0.009115741,1,8
269067920001221888,28368,0.0010940119,1,8
567659818855055488,15638,0.0020853356,1,8
4833654227548585856,16711,0.002245287,1,8
5031808453624044800,4148,0.0011490477,1,8
3210731015768096000,25623,0.0021585175,1,8
3225773709225508736,22109,0.027156916,1,8
3285409673726608768,21000,0.1943095,1,72
70051608089857536,17609,0.0051302644,1,8
3297007356736766080,18907,0.012554718,1,8
65283232316451328,17573,0.036607116,1,8
235383247412615936,15366,0.0021378393,1,8
505516521175942784,9291,0.002230354,1,8
208396456066072704,24463,0.013275465,1,8
954713853434626176,32919,0.0021057455,1,8
4780166972587269120,19884,0.0022105833,1,8
5138895143797571712,7618,0.0032222006,1,8
6989290475763456,14023,0.00041730673,1,8
188771135583573504,24813,0.002755121,1,8
546439965996109696,9598,0.012662079,1,8
4763897739549071744,23708,0.001610555,1,8
2456594647612706432,6097,0.0039358786,1,8
4623036865373793408,26394,0.015282367,1,72
4906784051581971200,3170,0.0020256815,1,8
4924948121112352128,3306,0.0027471299,1,8
5107106033552702208,17420,0.0024560187,1,8
383426372059603712,1368,0.0014566531,1,8
405987526029851264,8068,0.00070643745,1,8
461701979229013376,15220,0.036441077,1,72
532855499837123584,4454,0.0012895125,1,8
2887328533953284096,27359,0.0026799294,1,8
5129338021224785408,12843,0.44313526,1,72
3288082758293022848,22627,0.012518137,1,72
3407792804024921344,24301,0.00095860445,1,8
170639948323693952,19337,0.0051146057,1,8
354077348697687424,11048,0.0032624672,1,8
4992538055808271360,2072,0.006950197,1,8
4971496564348436352,10395,0.002629184,1,8
2968097043227107840,25606,0.6043708,1,16
2494759795723713408,10449,0.0017014788,1,8
216718178536050176,17448,0.041784216,1,8
263916742385357056,26801,0.003425097,1,8
4763906879239461632,23693,0.007048515,1,8
4741883764414703232,13218,0.0009991141,1,8
4975284381908412672,3583,0.0023685533,1,8
4978671015158662528,1696,0.001767574,1,8
3006953165675574272,30867,0.0076231537,1,8
93806419367308544,8832,0.008473576,1,8
3407785622839603968,24284,0.003173126,1,8
283569928616960768,27188,0.0070561487,1,72
512129087182637696,8070,0.0014626781,1,8
519478154178249728,7902,0.0009299444,1,8
540136568911394944,1860,0.0039630453,1,8
2589107273595379584,7765,0.033026796,1,8
2797745549200763520,1295,0.048721574,1,8
112440873718983680,14594,0.0022661332,1,8
459661938487952000,13714,0.03326485,1,8
4710180171260274816,4473,0.0027501537,1,8
4758877919212831104,27887,0.0012007587,1,8
16730924842529024,15904,0.0013892252,1,8
2853258035861905664,149,0.004043403,1,8
326109689896765568,10670,0.014698842,1,8
5497072086021346688,31862,0.0005173021,1,8
4913847589156808960,5348,0.01706704,1,8
4996711836306613120,948,0.010279846,1,72
2430787151203111424,2201,0.0032484191,1,8
170216567626711296,19143,0.004642917,1,8
5486881507314450816,34285,0.0010338594,1,8
3774789959807192064,52186,0.005164153,1,8
895942689187551616,37182,0.010701922,1,8
778758492243661824,54658,0.08443462,1,72
5726982995343100928,40693,0.0033133943,1,8
3812355294262255104,55848,0.002798882,1,8
1071194431653425280,47620,0.003740683,1,8
1071195187567668480,47650,0.002515773,1,8
1130450270073924608,47981,0.002127766,1,8
5505483938387762816,34739,0.0013704487,1,8
5610257226031514240,35037,0.0043461137,1,8
4008237757516459392,60343,0.0032141113,1,8
746545172372256384,49081,0.0028647152,1,8
776067089642433664,52600,0.011628636,1,8
978615483876384000,33852,0.0006391436,1,8
5416916936743969152,50191,0.003999956,1,8
3066513435671608064,41307,0.019809887,1,8
3786697056556771584,55210,0.0023377317,1,8
3795389692406967424,58114,0.003396195,1,8
3817965105665685504,54639,0.013657366,1,72
985610542491481984,36915,0.0034686823,1,8
5380306876026603648,58401,0.002657103,1,8
3767878708888402816,51007,0.0011113937,1,8
1248692648174081408,66397,0.00087898935,1,8
708608825759209088,40671,0.0010712643,1,8
777254360337133312,53721,0.005007528,1,8
1092545710514654464,42438,0.001447218,1,8
5788811970149449472,61563,0.00056615163,1,8
3718762218805509888,66413,0.0011690016,1,8
887822001246832384,34017,0.000769228,1,8
948039989652369408,35353,0.0017802918,1,8
830239138487431808,51525,0.010949684,1,72
5297336148056940544,45101,0.013364877,1,8
657608666099404544,42267,0.010541945,1,8
914988876279362560,42145,0.0015465721,1,8
1503625448550796032,66625,0.0011608645,1,8
3517841209157902720,59406,0.0007764066,1,8
3919427007885527680,58321,0.0013348246,1,8
615943806835727872,48152,0.0008579226,1,8
6127435678627741824,60823,0.0039059955,1,8
5631222984331124864,45957,0.0019307453,1,8
3802735426511946496,53169,0.004517844,1,8
3847645013308140800,47307,0.0028729013,1,8
3902785006045478656,61094,0.0009684709,1,8
798914636327665536,46769,0.0025420196,1,8
913394034663259008,42525,0.017307935,1,8
5859393710380907776,60417,0.00090040884,1,8
3591095243645039872,55955,0.0031328606,1,8
5743705394673617664,44722,0.0032091818,1,8
3852570413083923072,46580,0.002291092,1,8
598180646733241216,42762,0.0027709238,1,8
1542683331386097280,62374,0.0041512526,1,8
1090049716041842816,41689,0.0016721674,1,8
5599824647403389952,37677,0.012279025,1,8
5612323414549657728,37229,0.03450206,1,72
3073097998492775808,41661,0.003935071,1,8
834571523536798848,51248,0.009982195,1,72
5663558453071724288,47592,0.01464722,1,8
3510294882898890880,62882,0.005101974,1,8
5745027080665197696,46488,0.0034089498,1,8
3637980103080627328,65714,0.010307518,1,8
3868080055385587840,54227,0.00025021427,1,8
3608394512920061952,65362,0.00502309,1,8
577602496345490176,43790,0.0006661833,1,8
704967037090946688,43587,0.0016249513,1,8
819750862709551360,47690,0.002851681,1,8
851346566283231616,50125,0.0011209236,1,8
1078773262224027520,54952,0.006195686,1,72
6060547163656965120,63003,0.0071248324,1,8
5329941409468845824,43023,0.0036302982,1,8
3060641356390249728,36338,0.0021705583,1,8
3988689609004982912,53985,0.001019166,1,8
791249665893533568,57450,0.0010777899,1,8
1679431516675701632,64275,0.0009321728,1,8
5191563228620951424,49616,0.0015086737,1,8
6061388186966894848,62809,0.0017965599,1,8
5454500168322239872,52596,0.0037510814,1,8
3765772972322477696,50341,0.004139288,1,8
3057712223051571200,37349,0.0010387358,1,8
3812355328621651328,55846,0.0014846209,1,8
659951725379878272,43510,0.0027186873,1,8
731253779217024640,52771,0.0018734965,1,8
732857558276385664,54646,0.00073810946,1,8
810952158347760128,45688,0.017168105,1,8
5320435203722048768,39987,0.0061988737,1,8
3573119499842945280,57459,0.0018163245,1,8
3633926753464638592,66675,0.0009162867,1,8
3685363487960149376,63467,0.00040747627,1,8
3112836479029139200,33582,0.0015727682,1,8
3934198156329809152,61901,0.16812904,1,72
898506166187633280,36627,0.007997754,1,8
778340502115723264,53523,0.0011468922,1,8
1088813933689615872,36834,0.0008825916,1,8
3135225421986581504,37288,0.0010477054,1,8
3914019231742221568,55625,0.0069300984,1,8
913325109028988288,42940,0.0027313055,1,8
853819947756949120,51459,0.0044552637,1,8
1103079616027292416,34115,0.0006462243,1,8
1683102889080800640,61281,0.01594992,1,8
3598278250031419008,59532,0.0014787747,1,8
4007474181050310016,57901,0.009142926,1,8
6127688772460862976,61622,0.003289946,1,8
5378886891123024512,56998,0.0003990057,1,8
3460347849221303296,58170,0.0033586717,1,8
3592769731134725248,56157,0.0039541805,1,8
646818024623804416,47741,0.01737313,1,8
1551712074193871872,66315,0.012328013,1,72
5941478335062267392,80229,0.005398668,1,8
6721432232656218752,89211,0.003153497,1,8
1157100026750416640,74419,0.002712958,1,8
1348028919540189056,84790,0.004683554,1,8
5924187617032756736,84051,0.003990114,1,8
1310284059748155136,83207,0.0061687953,1,8
1379500756257031808,78775,0.00208159,1,8
1384195086792268800,77760,0.003954956,1,8
5866200374548365568,69201,0.0026371884,1,8
5994771148252505216,78170,0.001978436,1,8
6172473118001192576,68462,0.0017140624,1,8
4469314179061640320,88192,0.005754601,1,8
1175938925836488448,70475,0.0033556754,1,8
1284721994948665216,70218,0.0016464627,1,8
1406378695954996352,80679,0.004273709,1,8
2129771310248902016,95575,0.009438761,1,8
5801950515627094400,84988,0.008833697,1,72
5904539176758763520,72119,0.002593186,1,8
5902489309145870464,74376,0.013500364,1,8
6018034958869558912,80300,0.0024598404,1,8
6336170195850218240,74555,0.0026162018,1,8
1159108770069883136,71979,0.004095028,1,8
3722736193130634752,68527,0.0013322987,1,8
1316590033811497088,78241,0.0020578136,1,8
1342299192648782592,86431,0.0012191511,1,8
6041076668127513984,78104,0.030002298,1,8
6244010505608714368,78933,0.019276807,1,8
6245870673116518784,79431,0.04300027,1,72
1156846524895814144,73786,0.0009388401,1,8
4432032213658420992,80883,0.7301536,1,16
4315804282633172352,95447,1.2060436,1,16
4568060562432051584,83762,0.0038414611,1,8
1439069444391326208,86087,0.001777713,1,8
5914096303621755520,83990,0.00032873644,1,8
5877748442128924544,71681,0.46895134,1,16
6105713692544123520,71865,0.024735505,1,8
4079684229322231040,91438,0.008844173,1,72
4084474835781915392,95168,0.013273867,1,8
4423865487962417152,77052,1.0581883,1,16
4471568143540690816,89215,0.0008755561,1,8
4307162018124573312,93871,0.0012467867,1,8
1185648953539868800,71795,1.0827584,1,16
4582680493669880704,88348,0.00088825665,1,8
5866992641380992256,69972,0.00070179685,1,8
1155276250492687616,74190,0.0053344653,1,8
4516199313406309504,94557,0.006007836,1,8
6637022793692833024,92656,0.0016668452,1,8
6171492074455952128,67308,0.032346144,1,72
4103671243754951296,91430,0.006201594,1,8
4589549005370416256,88794,0.00612961,1,8
2108544241842459648,90306,0.008897148,1,72
5895265380327966464,69454,0.0015995125,1,8
5941689784906655616,80043,0.001898134,1,8
5903642967392021504,73807,0.7653249,2,16
6213789290343029760,75542,0.0029922358,1,8
4093301474693288960,90790,0.00077579485,1,8
1236929488664453376,72848,0.025552275,1,8
2038078706303237632,95187,0.0041678892,1,8
5907202503156812032,74117,0.6796228,1,16
6049221163063960320,80268,0.0055681444,1,8
6229442835525861120,72688,0.0034672027,1,8
1604859511344724864,70497,0.0072153653,1,8
1287752248996223488,71311,0.0020676649,1,8
1605198298364601088,71181,0.0010490885,1,8
5835498883232034816,79190,0.0021663408,1,8
6092221001248304000,70924,0.0027659119,1,8
6107651444350934400,68282,0.8585664,1,16
6713727061309245952,95347,0.0064361724,1,8
4055584308787727488,86963,0.046947464,1,8
6245697981070158080,79374,0.09344551,1,72
2090051761936884864,91605,0.01117322,1,72
5951309927528198400,84164,0.0029471763,1,8
6663637743955008256,95333,0.001690621,1,8
6232043867720079616,73385,0.0024929396,1,8
4354357901908595456,81170,0.0076966113,1,8
4437692877477200256,79394,0.0023114332,1,8
1333760419707327744,84862,0.0058317482,1,8
6637963425886794752,93069,0.033452597,1,72
6252489114640798592,74477,0.0034930059,1,8
4450016100717738880,79137,0.11491562,1,72
1341113541156480768,84099,0.0011774043,1,8
1385978666451514112,79992,0.010694386,1,8
1637110042813188608,85235,0.0017207665,1,8
6662167868705713664,93206,0.004146704,1,8
4347870370990204928,78353,0.0009999641,1,8
1698467120968386688,72726,0.0022255534,1,8
5899408305748518528,71536,0.009137266,1,8
5970956070030449792,81935,0.00074641994,1,8
4395113396338721024,84521,0.0010325989,1,8
1286024744429754752,71748,0.0039377785,1,8
1359938520253565952,83389,0.002266891,1,8
1510834911934401152,67691,0.001478959,1,8
1606148310770764288,73005,0.0017635712,1,8
5805810454276181120,82256,0.00071558275,1,8
6018047019138644480,80337,0.0056119533,1,8
6764687466752221824,96124,0.0011948702,1,8
4345775217221821312,79672,0.0036366687,1,8
4258375617747092864,92200,0.0009747535,1,8
4291123545113039616,96285,0.001411979,1,8
4430238051199001216,77257,0.005073363,1,8
4459548626016199168,81018,0.0062034046,1,8
1234693112077610880,72237,0.0014153871,1,8
1323427759184545536,78459,0.0014798299,1,8
1350714133093019904,87938,0.0013041924,1,8
6561146458331160320,108159,0.0031603703,1,8
2756363608023588864,116771,0.0058580195,1,8
2869936905701172352,115194,0.004299269,1,72
1891459758430361088,112800,0.0021584667,1,8
6508401923473282432,110443,0.00094624574,1,8
6608490501308343168,111960,0.002212979,1,8
6798111177125746944,100923,0.0010121332,1,8
2379962604166006016,114411,0.0016213334,1,8
1731398559374658944,103577,0.0006666094,1,8
1776317182780536064,109555,0.002196498,1,8
6391176735363140480,114361,0.0014815171,1,8
6855358349537379840,102119,0.0069487663,1,8
2823967424055746688,116011,0.003879498,1,8
6465749496610128512,106696,0.0008009123,1,8
6533852319120781440,117254,0.0017447283,1,8
6805455124526007424,102485,0.010264834,1,8
6863535898551993472,97944,0.00474051,1,72
2029433521248546304,98767,0.0059444853,1,72
6471497502884511232,102186,0.0039393427,1,8
6891134705556330880,106147,0.0028275405,1,8
1889703529122914560,112909,0.0008971059,1,8
1923802133480850176,116443,0.00016158787,1,8
6456884409233519360,103910,0.0037034675,1,8
2070115588901082368,102401,0.0022615273,1,8
6427244702486210816,98959,0.0004640701,1,8
6575581564623343872,105679,0.0019036927,1,8
6910371005081903488,103800,0.00444589,1,8
1831553382794173824,101516,0.003030754,1,8
1800808220175220480,106811,0.1586444,1,72
2034581091118259328,97292,0.0386042,1,72
2653884210872467200,111497,0.010064083,1,8
6614285855300051840,110996,0.002075628,1,8
6832674634380238848,105341,0.0005958817,1,8
2717105133036645760,111313,0.0049538594,1,8
2034628782438989440,97241,0.028277801,1,72
1946297900868982016,108200,0.0022456527,1,8
2395031273585836288,116215,0.0011342925,1,8
1810448909928688640,101769,0.8204687,1,16
1810314425924774784,99792,0.0013808743,1,8
6487709801833043328,117702,0.0009956151,1,8
6916526964529218816,103150,0.0014149115,1,8
4247023886053586304,98698,0.0018428776,1,8
6368016725517046144,98495,0.012233001,1,8
6508776375901968640,110109,0.03762878,1,72
2009439555118168832,115562,0.0021964656,1,8
6467586746181270528,100490,0.004594877,1,8
2649536913693752960,112325,0.06304031,1,8
2649580550562004352,112310,0.0033016494,1,8
2723557788822526720,109638,0.0002713172,1,8
1736838805468812160,104092,0.002804504,1,8
6579894402894605824,104644,0.003923554,1,8
6748796396992580352,99150,0.004102875,1,8
1838855376946302720,103441,0.0020268545,1,8
6569895822110445440,109821,0.0021389886,1,8
6854626246593473792,101997,0.0011639921,1,8
6866642529998490368,99096,0.005071296,1,8
1912109961188455296,115610,0.0017701896,1,8
6858312737278836736,102235,0.002599167,1,8
2611163717366876544,112774,0.0014391863,1,8
1787990525934491776,104659,0.0020187995,1,8
6504705571539380992,110534,0.0007233852,1,8
2733790256348020608,110035,0.00063986465,1,8
2867826668010103040,117159,0.018602084,1,8
2277839861099828480,102970,0.00076315156,1,8
