catalog,cohort,cohort_rank,HIP,n_HIP,Sn,So,RArad,DErad,Plx,e_Plx,pmRA,pmDE,Hpmag,B-V,HIP1,pm_total_masyr,r_pc_parallax,parallax_frac_error,quality_flags,quality_flag_count
hipparcos2,brightest,1,32349,X,0,4,101.28854105,-16.71314306,379.21,1.58,-546.01,-1223.07,-1.0876,0.009,HIP1,1339.412985228977,2.6370614,0.004166557,hip_solution_type_not_5;hip_component_flag,2
hipparcos2,brightest,2,30438,,5,0,95.9878779,-52.69571787,10.55,0.56,19.93,23.24,-0.5536,0.164,HIP1,30.61539645341866,94.78673,0.053080566,,0
hipparcos2,brightest,3,91262,,1,0,279.23410825,38.78299326,130.23,0.36,200.94,286.23,0.0868,-0.001,HIP1,349.72059776341456,7.6787224,0.0027643403,hip_solution_type_not_5,1
hipparcos2,brightest,4,69673,,55,3,213.91811408,19.18727046,88.83,0.54,-1093.39,-2000.06,0.1114,1.239,HIP1,2279.416963984431,11.257458,0.0060790274,hip_solution_type_not_5,1
hipparcos2,brightest,5,71683,D,95,3,219.92040813,-60.83514522,754.81,4.11,-3679.25,473.67,0.1373,0.71,HIP1,3709.615051646195,1.3248367,0.005445079,hip_solution_type_not_5;hip_component_flag,2
hipparcos2,brightest,6,24436,,5,0,78.63446385,-8.20163958,3.78,0.34,1.31,0.5,0.193,-0.03,HIP1,1.4021768789992224,264.55026,0.08994709,,0
hipparcos2,brightest,7,24608,P,75,4,79.17206466,45.99902905,76.2,0.46,75.25,-426.89,0.2385,0.795,HIP1,433.4716076053886,13.12336,0.006036746,hip_solution_type_not_5;hip_component_flag,2
hipparcos2,brightest,8,7588,P,1,1,24.42813208,-57.23665985,23.39,0.57,87.0,-38.24,0.4233,-0.158,HIP1,95.03313948302456,42.753315,0.024369389,hip_solution_type_not_5;hip_component_flag,2
hipparcos2,brightest,9,37279,D,75,4,114.82724202,5.22750758,284.56,1.26,-714.59,-1036.8,0.4607,0.432,HIP1,1259.203362487569,3.5141973,0.004427889,hip_solution_type_not_5;hip_component_flag,2
hipparcos2,brightest,10,27989,P,1,2,88.79287149,7.40703653,6.55,0.83,27.54,11.3,0.4997,1.5,HIP1,29.76813060976453,152.67175,0.12671755,parallax_frac_error_gt_0p1;hip_solution_type_not_5;hip_component_flag,3
hipparcos2,brightest,11,68702,,15,3,210.9560192,-60.37297887,8.32,0.5,-33.27,-23.16,0.5366,-0.231,HIP1,40.5373716464203,120.192314,0.060096156,hip_solution_type_not_5,1
hipparcos2,brightest,12,60718,P,17,3,186.64975588,-63.09905674,10.13,0.5,-35.83,-14.86,0.6739,-0.243,HIP1,38.789283313822644,98.71668,0.04935834,hip_solution_type_not_5;hip_component_flag,2
hipparcos2,brightest,13,97649,P,5,0,297.69450819,8.86738473,194.95,0.57,536.23,385.29,0.8273,0.221,HIP1,660.2961434083952,5.1295204,0.0029238267,hip_component_flag,1
hipparcos2,brightest,14,65474,P,7,0,201.29835228,-11.16124494,13.06,0.7,-42.35,-30.67,0.8891,-0.235,HIP1,52.28930483378031,76.56968,0.053598773,hip_solution_type_not_5;hip_component_flag,2
hipparcos2,brightest,15,80763,,1,2,247.35194829,-26.43194598,5.89,1.0,-12.11,-23.3,0.9757,1.865,HIP1,26.259133649075327,169.7793,0.16977929,parallax_frac_error_gt_0p1;hip_solution_type_not_5,2
hipparcos2,brightest,16,21421,,1,0,68.98000194,16.50976158,48.94,0.77,63.45,-188.94,1.0024,1.538,HIP1,199.30937283529843,20.433184,0.015733551,hip_solution_type_not_5,1
hipparcos2,brightest,17,62434,,1,1,191.9304935,-59.68873267,11.71,0.98,-42.97,-16.18,1.1537,-0.238,HIP1,45.91528394772268,85.397095,0.08368915,hip_solution_type_not_5,1
hipparcos2,brightest,18,113368,,5,1,344.41177299,-29.6218368,129.81,0.47,328.95,-164.67,1.1808,0.145,HIP1,367.86452859714535,7.703567,0.0036206765,,0
hipparcos2,brightest,19,71681,D,95,3,219.9141246,-60.83948046,796.92,25.9,-3614.39,802.98,1.2429,0.9,HIP1,3702.511573580831,1.2548311,0.032500125,hip_solution_type_not_5;hip_component_flag,2
hipparcos2,brightest,20,37826,,5,0,116.33068294,28.02631022,96.54,0.27,-626.55,-45.8,1.2947,0.991,HIP1,628.2217303627756,10.3584,0.0027967682,,0
hipparcos2,brightest,21,102098,P,5,0,310.35797281,45.28033431,2.31,0.32,2.01,1.85,1.2966,0.092,HIP1,2.7317759791022396,432.90045,0.13852814,parallax_frac_error_gt_0p1;hip_component_flag,2
hipparcos2,brightest,22,49669,,5,0,152.09358042,11.96719519,41.13,0.35,-248.73,5.59,1.3232,-0.087,HIP1,248.7928073719174,24.313152,0.008509603,,0
hipparcos2,brightest,23,33579,,5,0,104.65644415,-28.97208939,8.05,0.14,3.24,1.33,1.416,-0.211,HIP1,3.502356349659469,124.2236,0.017391304,,0
hipparcos2,brightest,24,85927,P,1,0,263.40219318,-37.10374869,5.71,0.75,-8.53,-30.8,1.5244,-0.231,HIP1,31.95936326024034,175.13135,0.1313485,parallax_frac_error_gt_0p1;hip_solution_type_not_5;hip_component_flag,3
hipparcos2,brightest,25,25336,,7,0,81.28278339,6.34973457,12.92,0.52,-8.11,-12.88,1.5493,-0.224,HIP1,15.220594600737515,77.39938,0.040247675,hip_solution_type_not_5,1
hipparcos2,brightest,26,36850,,15,3,113.65001968,31.88863511,64.12,3.75,-191.45,-145.19,1.5811,0.034,HIP1,240.27742007937408,15.5957575,0.05848409,hip_solution_type_not_5,1
hipparcos2,brightest,27,25428,,5,0,81.57290832,28.60787362,24.36,0.34,22.76,-173.58,1.6151,-0.13,HIP1,175.06579905852544,41.050903,0.013957307,,0
hipparcos2,brightest,28,26311,,5,0,84.05338544,-1.20191724,1.65,0.45,1.44,-0.78,1.6235,-0.184,HIP1,1.6376812876747417,606.0606,0.27272728,parallax_frac_error_gt_0p1,1
hipparcos2,brightest,29,61084,,5,0,187.79137201,-57.11256917,36.83,0.18,28.23,-265.08,1.6299,1.6,HIP1,266.578955095859,27.151777,0.00488732,,0
hipparcos2,brightest,30,45238,,5,0,138.30100317,-69.71747241,28.82,0.11,-156.47,108.95,1.6625,0.07,HIP1,190.66453104864576,34.698128,0.003816794,,0
hipparcos2,brightest,31,26727,P,15,3,85.18968667,-1.94257852,4.43,0.64,3.19,2.03,1.6812,-0.199,HIP1,3.781137395017536,225.73364,0.14446953,parallax_frac_error_gt_0p1;hip_solution_type_not_5;hip_component_flag,3
hipparcos2,brightest,32,109268,,5,0,332.05781852,-46.96061595,32.29,0.21,126.69,-147.47,1.6983,-0.07,HIP1,194.41645249309533,30.96934,0.006503561,,0
hipparcos2,brightest,33,39953,,7,0,122.38314733,-47.33661168,2.92,0.3,-6.07,10.43,1.7034,-0.145,HIP1,12.067717265498061,342.46576,0.10273973,parallax_frac_error_gt_0p1;hip_solution_type_not_5,2
hipparcos2,brightest,34,62956,,5,0,193.50680405,55.95984299,39.51,0.2,111.91,-8.24,1.7545,-0.022,HIP1,112.21294800512105,25.31005,0.00506201,,0
hipparcos2,brightest,35,90185,,5,0,276.04310945,-34.38431461,22.76,0.24,-39.42,-124.2,1.7986,-0.031,HIP1,130.30570363571965,43.93673,0.010544815,,0
hipparcos2,brightest,36,67301,,5,0,206.8856091,49.31330297,31.38,0.24,-121.17,-14.91,1.7994,-0.099,HIP1,122.08389328654292,31.867432,0.0076481835,,0
hipparcos2,brightest,37,100751,,1,0,306.41187379,-56.73488065,18.24,0.52,6.9,-86.02,1.8583,-0.118,HIP1,86.29629424256872,54.824562,0.028508771,hip_solution_type_not_5,1
hipparcos2,brightest,38,30324,,5,0,95.67494722,-17.95591681,6.62,0.22,-3.23,-0.78,1.8911,-0.24,HIP1,3.322845166419886,151.0574,0.03323263,,0
hipparcos2,brightest,39,15863,P,5,0,51.08061917,49.86124305,6.44,0.17,23.75,-26.23,1.8972,0.481,HIP1,35.38467747486191,155.2795,0.026397515,hip_component_flag,1
hipparcos2,brightest,40,28360,,75,4,89.88237269,44.94743488,40.21,0.23,-56.44,-0.95,1.9038,0.077,HIP1,56.447994649943055,24.869436,0.0057199704,hip_solution_type_not_5,1
hipparcos2,brightest,41,86228,,15,3,264.32968931,-42.99782041,10.86,1.49,5.54,-3.12,1.9269,0.406,HIP1,6.358144383387342,92.08103,0.13720074,parallax_frac_error_gt_0p1;hip_solution_type_not_5,2
hipparcos2,brightest,42,31681,D,1,2,99.42792544,16.39941401,29.84,2.23,13.81,-54.96,1.929,0.001,HIP1,56.66848948048642,33.512066,0.0747319,hip_solution_type_not_5;hip_component_flag,2
hipparcos2,brightest,43,42913,,15,3,131.17582214,-54.70856805,40.49,0.39,28.99,-103.35,1.9511,0.043,HIP1,107.33891465819839,24.697454,0.009632007,hip_solution_type_not_5,1
hipparcos2,brightest,44,54061,,17,3,165.93265337,61.75111903,26.54,0.48,-134.11,-34.7,1.9519,1.061,HIP1,138.52646714617393,37.678974,0.018085906,hip_solution_type_not_5,1
hipparcos2,brightest,45,34444,,7,0,107.09785868,-26.39320762,2.03,0.38,-3.12,3.31,1.9628,0.671,HIP1,4.548681127535761,492.61084,0.18719211,parallax_frac_error_gt_0p1;hip_solution_type_not_5,2
hipparcos2,brightest,46,41037,P,15,3,125.62860249,-59.50953781,5.39,0.42,-25.52,22.06,1.9996,1.196,HIP1,33.73298089407457,185.52876,0.077922076,hip_solution_type_not_5;hip_component_flag,2
hipparcos2,brightest,47,27366,P,5,0,86.93911657,-9.66960181,5.04,0.22,1.46,-1.28,2.0065,-0.168,HIP1,1.9416487838947598,198.4127,0.043650795,hip_component_flag,1
hipparcos2,brightest,48,92855,,5,0,283.81631936,-26.29659425,14.32,0.29,15.14,-53.43,2.0095,-0.134,HIP1,55.53363395276776,69.832405,0.020251397,,0
hipparcos2,brightest,49,677,P,75,4,2.09653385,29.09082837,33.62,0.35,137.46,-163.44,2.0371,-0.038,HIP1,213.5600271586422,29.744202,0.01041047,hip_solution_type_not_5;hip_component_flag,2
hipparcos2,brightest,50,112122,,7,0,340.66639547,-46.8845658,18.43,0.42,135.16,-4.38,2.0699,1.61,HIP1,135.23095059933578,54.259357,0.02278893,hip_solution_type_not_5,1
hipparcos2,brightest,51,82273,,5,0,252.16610734,-69.02763509,8.35,0.15,17.99,-31.58,2.0711,1.447,HIP1,36.34469012111673,119.760475,0.017964073,,0
hipparcos2,brightest,52,14576,W,75,4,47.04220893,40.95565071,36.27,1.4,2.99,-1.66,2.0969,-0.003,HIP1,3.4198976592874826,27.570995,0.03859939,hip_solution_type_not_5;hip_component_flag,2
hipparcos2,brightest,53,11767,P,5,0,37.946143,89.26413778,7.54,0.11,44.48,-11.85,2.1077,0.636,HIP1,46.031433825159084,132.62599,0.01458886,hip_component_flag,1
hipparcos2,brightest,54,86032,D,1,1,263.73335361,12.56057593,67.13,1.06,108.07,-221.57,2.1262,0.155,HIP1,246.52056668764982,14.89647,0.015790258,hip_solution_type_not_5;hip_component_flag,2
hipparcos2,brightest,55,46390,,5,0,141.89688204,-8.65868307,18.09,0.18,-15.23,34.37,2.135,1.44,HIP1,37.59321481331438,55.27916,0.009950249,,0
hipparcos2,brightest,56,25930,D,55,3,83.0016655,-0.29909343,4.71,0.58,0.64,-0.69,2.1361,-0.175,HIP1,0.9411163583744573,212.31422,0.12314224,parallax_frac_error_gt_0p1;hip_solution_type_not_5;hip_component_flag,3
hipparcos2,brightest,57,39429,,5,0,120.89612568,-40.00318834,3.01,0.1,-29.71,16.68,2.1364,-0.269,HIP1,34.07207801118094,332.22592,0.033222593,,0
hipparcos2,brightest,58,4427,P,5,0,14.17708782,60.71674955,5.94,0.12,25.17,-3.92,2.1379,-0.046,HIP1,25.473423405580963,168.35017,0.02020202,hip_component_flag,1
hipparcos2,brightest,59,61932,,15,3,190.38002117,-48.95988559,25.06,0.28,-185.72,5.79,2.146,-0.023,HIP1,185.8102324954145,39.904232,0.011173185,hip_solution_type_not_5,1
hipparcos2,brightest,60,57632,,5,0,177.2661596,14.57233678,90.91,0.52,-497.68,-114.67,2.1605,0.09,HIP1,510.7196797657204,10.999889,0.0057199425,,0
hipparcos2,brightest,61,50583,W,17,3,154.99234103,19.84186021,25.07,0.52,304.3,-154.28,2.1684,1.128,HIP1,341.1756269137642,39.888313,0.020741923,hip_solution_type_not_5;hip_component_flag,2
hipparcos2,brightest,62,9884,,5,0,31.79285751,23.46277747,49.56,0.25,188.55,-148.08,2.1726,1.151,HIP1,239.7473438851826,20.177563,0.0050443904,,0
hipparcos2,brightest,63,5447,,5,0,17.43249023,35.62083036,16.52,0.56,175.9,-112.2,2.1741,1.576,HIP1,208.63760447244405,60.532684,0.033898305,,0
hipparcos2,brightest,64,72607,,5,0,222.6766478,74.15547618,24.91,0.12,-32.61,11.42,2.2044,1.465,HIP1,34.55182339616825,40.14452,0.0048173424,,0
hipparcos2,brightest,65,3419,,5,0,10.89678447,-17.98668407,33.86,0.16,232.55,31.99,2.2061,1.019,HIP1,234.73998934991883,29.533373,0.0047253394,,0
hipparcos2,brightest,66,66657,P,7,1,204.9719697,-53.46636266,7.63,0.48,-15.3,-11.72,2.2097,-0.171,HIP1,19.272996653348955,131.0616,0.062909566,hip_solution_type_not_5;hip_component_flag,2
hipparcos2,brightest,67,76267,P,75,4,233.67162276,26.71491051,43.46,0.28,120.27,-89.58,2.221,0.032,HIP1,149.9648268761712,23.009665,0.006442706,hip_solution_type_not_5;hip_component_flag,2
hipparcos2,brightest,68,68933,,5,0,211.67218593,-36.36869558,55.45,0.2,-520.53,-518.06,2.2226,1.011,HIP1,734.3961087179043,18.034266,0.003606853,,0
hipparcos2,brightest,69,71860,P,5,0,220.48239095,-47.38814121,7.02,0.17,-20.94,-23.67,2.2296,-0.154,HIP1,31.603045739295446,142.45015,0.024216525,hip_component_flag,1
hipparcos2,brightest,70,9640,W,15,3,30.97466207,42.32984825,8.3,1.04,42.32,-49.3,2.2409,1.37,HIP1,64.97285894894883,120.481926,0.1253012,parallax_frac_error_gt_0p1;hip_solution_type_not_5;hip_component_flag,3
hipparcos2,brightest,71,65378,,15,3,200.98091528,54.92541509,38.01,1.71,119.01,-25.97,2.254,0.057,HIP1,121.8105947773017,26.308867,0.044988163,hip_solution_type_not_5,1
hipparcos2,brightest,72,78401,,57,3,240.08338223,-22.62162036,6.64,0.89,-10.21,-35.41,2.2617,-0.117,HIP1,36.85257385855159,150.60242,0.13403614,parallax_frac_error_gt_0p1;hip_solution_type_not_5,2
hipparcos2,brightest,73,71352,P,5,0,218.87688121,-42.15774569,10.67,0.21,-34.73,-32.72,2.2729,-0.157,HIP1,47.715524727283466,93.72071,0.01968135,hip_component_flag,1
hipparcos2,brightest,74,45556,,5,0,139.27261829,-59.27526115,4.26,0.1,-18.86,11.98,2.2822,0.189,HIP1,22.34323163734378,234.74178,0.023474177,,0
hipparcos2,brightest,75,86670,P,5,0,265.62199893,-39.029921,6.75,0.17,-6.05,-25.54,2.3164,-0.171,HIP1,26.246792184950905,148.14815,0.025185185,hip_component_flag,1
hipparcos2,brightest,76,44816,,5,0,136.9990715,-43.43262377,5.99,0.11,-24.01,13.52,2.3385,1.665,HIP1,27.55486345457005,166.94492,0.01836394,,0
hipparcos2,brightest,77,53910,,5,0,165.45996142,56.38234469,40.9,0.16,81.43,33.49,2.3499,0.033,HIP1,88.04785630553421,24.449877,0.0039119804,,0
hipparcos2,brightest,78,100453,,5,0,305.55708337,40.25668137,1.78,0.27,2.39,-0.91,2.3548,0.673,HIP1,2.557381473304286,561.7978,0.1516854,parallax_frac_error_gt_0p1,1
hipparcos2,brightest,79,746,P,5,0,2.2920403,59.15021806,59.58,0.38,523.5,-179.77,2.3579,0.38,HIP1,553.5065518130748,16.784155,0.0063779787,hip_component_flag,1
hipparcos2,brightest,80,87833,,5,0,269.15157428,51.48895101,21.14,0.1,-8.48,-22.79,2.3617,1.521,HIP1,24.31654786354346,47.30369,0.004730369,,0
hipparcos2,brightest,81,3179,,5,0,10.1266135,56.53740925,14.29,0.15,50.88,-32.13,2.4107,1.17,HIP1,60.17567033278483,69.979004,0.010496851,,0
hipparcos2,brightest,82,45941,,1,0,140.52845503,-55.01069513,5.7,0.3,-11.4,11.52,2.4131,-0.141,HIP1,16.20710955105814,175.4386,0.052631583,hip_solution_type_not_5,1
hipparcos2,brightest,83,35904,,7,0,111.02377104,-29.30311963,1.64,0.4,-4.14,5.81,2.4215,-0.083,HIP1,7.134122230520023,609.7561,0.24390244,parallax_frac_error_gt_0p1;hip_solution_type_not_5,2
hipparcos2,brightest,84,58001,,1,0,178.45725512,53.69473297,39.21,0.4,107.68,11.01,2.4286,0.044,HIP1,108.2414084350347,25.503698,0.010201479,hip_solution_type_not_5,1
hipparcos2,brightest,85,84012,,17,3,257.59442738,-15.72514768,36.91,0.8,40.13,99.17,2.4393,0.059,HIP1,106.9818012561015,27.092928,0.021674344,hip_solution_type_not_5,1
hipparcos2,brightest,86,68002,P,5,0,208.88514577,-47.28826623,8.54,0.13,-57.37,-44.55,2.4419,-0.176,HIP1,72.63621273166711,117.096016,0.015222482,hip_component_flag,1
hipparcos2,brightest,87,82396,,5,0,252.54268726,-34.29260943,51.19,0.22,-614.85,-255.98,2.4532,1.144,HIP1,666.0077198501531,19.535067,0.0042977147,,0
hipparcos2,brightest,88,113963,,5,0,346.19007056,15.20536753,24.46,0.19,60.4,-41.3,2.4784,-0.002,HIP1,73.17000751674145,40.883076,0.0077677844,,0
hipparcos2,brightest,89,113881,,5,0,345.94305579,28.08245431,16.64,0.15,187.65,136.93,2.4861,1.655,HIP1,232.29797114912563,60.096157,0.009014424,,0
hipparcos2,brightest,90,105199,,5,0,319.64408995,62.58545515,66.5,0.11,150.55,49.09,2.5141,0.257,HIP1,158.35128859595682,15.037594,0.0016541353,,0
hipparcos2,brightest,91,72105,,15,3,221.24687848,27.07417376,16.1,0.66,-50.95,21.07,2.5167,0.966,HIP1,55.13481114504701,62.1118,0.04099379,hip_solution_type_not_5,1
hipparcos2,brightest,92,59196,P,1,5,182.08976522,-50.72240992,7.86,0.47,-49.94,-7.19,2.5241,-0.128,HIP1,50.45492741051165,127.22646,0.059796438,hip_solution_type_not_5;hip_component_flag,2
hipparcos2,brightest,93,107315,P,5,0,326.0464175,9.87500758,4.73,0.17,26.92,0.44,2.546,1.52,HIP1,26.923595599399427,211.41649,0.035940804,hip_component_flag,1
hipparcos2,brightest,94,59803,,5,0,183.95194935,-17.54198359,21.23,0.2,-158.61,21.86,2.5477,-0.107,HIP1,160.10931172171095,47.103157,0.009420631,,0
hipparcos2,brightest,95,2081,,1,1,6.5702816,-42.30512119,38.5,0.73,233.05,-356.3,2.5512,1.083,HIP1,425.74874339215614,25.974026,0.01896104,hip_solution_type_not_5,1
hipparcos2,brightest,96,81377,P,5,0,249.28970833,-10.56715177,8.91,0.2,15.26,24.79,2.5708,0.038,HIP1,29.110336652124104,112.233444,0.02244669,hip_component_flag,1
hipparcos2,brightest,97,74785,,5,0,229.25196592,-9.38286665,17.62,0.16,-98.1,-19.65,2.5739,-0.071,HIP1,100.0486506655637,56.753685,0.00908059,,0
hipparcos2,brightest,98,54872,,5,0,168.52671705,20.52403382,55.82,0.25,143.42,-129.88,2.5932,0.128,HIP1,193.48930409715157,17.914726,0.0044786814,,0
hipparcos2,brightest,99,78820,,95,3,241.35931336,-19.80539435,8.07,0.78,-5.2,-24.04,2.594,-0.065,HIP1,24.595967149108002,123.91574,0.09665427,hip_solution_type_not_5,1
hipparcos2,brightest,100,73273,,5,0,224.63314152,-43.13386704,8.52,0.18,-35.78,-39.83,2.5982,-0.184,HIP1,53.54098710333981,117.37089,0.02112676,,0
hipparcos2,brightest,101,85696,,5,0,262.69099525,-37.29574034,5.66,0.18,-2.37,-30.09,2.6043,-0.179,HIP1,30.18319068620811,176.67845,0.03180212,,0
hipparcos2,brightest,102,28380,P,5,0,89.93015902,37.21276398,19.7,0.16,43.63,-73.79,2.6103,-0.083,HIP1,85.723631514303,50.76142,0.008121827,hip_component_flag,1
hipparcos2,brightest,103,61585,,5,0,189.29618221,-69.13553368,10.34,0.11,-40.2,-12.8,2.6109,-0.176,HIP1,42.188624059099155,96.7118,0.010638298,,0
hipparcos2,brightest,104,26634,,7,0,84.91224966,-34.07404939,12.48,0.36,1.58,-24.82,2.6124,-0.12,HIP1,24.870239242918434,80.128204,0.028846156,hip_solution_type_not_5,1
hipparcos2,brightest,105,14135,P,5,0,45.56991317,4.08992556,13.09,0.44,-10.41,-76.85,2.6196,1.63,HIP1,77.55185748903762,76.394196,0.033613443,hip_component_flag,1
hipparcos2,brightest,106,93506,W,17,3,285.65301241,-29.88011461,36.98,0.87,10.79,21.11,2.6212,0.062,HIP1,23.707724479586815,27.041645,0.02352623,hip_solution_type_not_5;hip_component_flag,2
hipparcos2,brightest,107,25985,,5,0,83.18255807,-17.82229214,1.47,0.14,3.56,1.18,2.6426,0.211,HIP1,3.7504666376332425,680.2721,0.0952381,,0
hipparcos2,brightest,108,102488,,5,0,311.55180082,33.96945339,44.86,0.12,355.66,330.6,2.6429,1.021,HIP1,485.5825322228962,22.291573,0.0026749887,,0
hipparcos2,brightest,109,52419,,75,4,160.73927812,-64.39447946,7.16,0.21,-18.36,12.03,2.6536,-0.22,HIP1,21.950182231589785,139.66481,0.02932961,hip_solution_type_not_5,1
hipparcos2,brightest,110,26241,,5,0,83.85825448,-5.90989986,1.4,0.22,1.42,-0.46,2.6706,-0.21,HIP1,1.4926486525636231,714.2857,0.15714286,parallax_frac_error_gt_0p1,1
hipparcos2,brightest,111,76297,,15,3,233.78525188,-41.16669506,7.75,0.5,-15.62,-25.43,2.7,-0.216,HIP1,29.844083165679592,129.03226,0.06451613,hip_solution_type_not_5,1
hipparcos2,brightest,112,8903,P,75,4,28.65978905,20.80829983,55.6,0.58,98.74,-110.41,2.7044,0.165,HIP1,148.1214221508827,17.985613,0.010431655,hip_solution_type_not_5;hip_component_flag,2
hipparcos2,brightest,113,59747,P,5,0,183.78648746,-58.74890175,9.45,0.15,-35.81,-10.36,2.7066,-0.193,HIP1,37.278488435021075,105.82011,0.015873017,hip_component_flag,1
hipparcos2,brightest,114,6686,P,5,0,21.45251246,60.23540367,32.81,0.14,296.57,-49.22,2.7146,0.16,HIP1,300.6266343822516,30.478512,0.0042669917,hip_component_flag,1
hipparcos2,brightest,115,81266,,1,0,248.97066417,-28.2159616,6.88,0.53,-9.89,-22.83,2.7374,-0.206,HIP1,24.880132636302402,145.34883,0.077034876,hip_solution_type_not_5,1
hipparcos2,brightest,116,1067,,1,1,3.30895847,15.1836161,8.33,0.53,1.98,-9.28,2.7544,-0.19,HIP1,9.488877699707167,120.04802,0.06362545,hip_solution_type_not_5,1
hipparcos2,brightest,117,65109,,5,0,200.15027327,-36.71208083,55.49,0.17,-341.11,-86.14,2.7717,0.068,HIP1,351.8183220072542,18.021265,0.003063615,,0
hipparcos2,brightest,118,85792,P,1,0,262.96050685,-49.87598163,12.2,0.85,-33.27,-67.22,2.7869,-0.136,HIP1,75.0028086140779,81.96722,0.06967214,hip_solution_type_not_5;hip_component_flag,2
hipparcos2,brightest,119,72622,,5,0,222.71990516,-16.04161027,43.03,0.19,-105.68,-68.4,2.7892,0.147,HIP1,125.88416262580454,23.239601,0.004415524,,0
hipparcos2,brightest,120,67927,,75,4,208.67131829,18.3985867,87.75,1.24,-60.95,-356.29,2.7957,0.58,HIP1,361.46571981309654,11.396011,0.014131054,hip_solution_type_not_5,1
hipparcos2,brightest,121,77070,,5,0,236.06664895,6.42551977,44.1,0.19,133.84,44.81,2.7971,1.167,HIP1,141.14206212182108,22.675737,0.00430839,,0
hipparcos2,brightest,122,61359,,5,0,188.59680889,-23.39662293,22.39,0.18,1.11,-56.56,2.8099,0.893,HIP1,56.57089092457357,44.662796,0.008039304,,0
hipparcos2,brightest,123,61941,,17,3,190.41667567,-1.44952191,85.58,0.6,-614.76,61.34,2.8213,0.368,HIP1,617.8126359989734,11.684973,0.0070109842,hip_solution_type_not_5,1
hipparcos2,brightest,124,23875,,1,0,76.96264165,-5.08626273,36.5,0.42,-82.82,-75.39,2.8258,0.161,HIP1,111.99466281926117,27.39726,0.011506849,hip_solution_type_not_5,1
hipparcos2,brightest,125,78265,,1,0,239.71300274,-26.11404273,5.57,0.64,-11.42,-26.83,2.8274,-0.18,HIP1,29.159308976723025,179.5332,0.11490125,parallax_frac_error_gt_0p1;hip_solution_type_not_5,2
hipparcos2,brightest,126,79593,,5,0,243.58652632,-3.69397565,19.06,0.16,-47.54,-142.73,2.8283,1.584,HIP1,150.43903914875287,52.4659,0.008394544,,0
hipparcos2,brightest,127,35264,P,15,3,109.28568388,-37.09748688,4.04,0.33,-10.05,6.47,2.8296,1.616,HIP1,11.952547845543226,247.52475,0.081683174,hip_solution_type_not_5;hip_component_flag,2
hipparcos2,brightest,128,52727,,17,3,161.69217532,-49.42012503,27.84,0.38,63.22,-54.21,2.8299,0.901,HIP1,83.27960434584209,35.91954,0.0136494255,hip_solution_type_not_5,1
hipparcos2,brightest,129,23015,,5,0,74.24840149,33.16613574,6.61,0.38,6.79,-14.88,2.8337,1.49,HIP1,16.35599278552054,151.28593,0.05748865,,0
hipparcos2,brightest,130,18532,,5,0,59.46342225,40.01027312,5.11,0.23,14.06,-23.78,2.8348,-0.199,HIP1,27.625567867466543,195.69472,0.045009784,,0
hipparcos2,brightest,131,63125,P,95,3,194.00767083,38.31824601,28.41,0.9,-235.08,53.54,2.8471,-0.115,HIP1,241.09985068431712,35.198875,0.031678986,hip_solution_type_not_5;hip_component_flag,2
hipparcos2,brightest,132,17702,,5,0,56.87110081,24.10524179,8.09,0.42,19.34,-43.67,2.848,-0.086,HIP1,47.76090974845433,123.60939,0.051915944,,0
hipparcos2,brightest,133,36188,,5,0,111.78780104,8.28940883,20.17,0.2,-51.76,-38.29,2.8546,-0.097,HIP1,64.38339615149235,49.578583,0.009915717,,0
hipparcos2,brightest,134,89931,,5,0,275.24842359,-29.82803949,9.38,0.18,32.54,-25.57,2.8654,1.38,HIP1,41.384495889161194,106.60981,0.019189766,,0
hipparcos2,brightest,135,97165,,15,3,296.24350876,45.13069175,19.77,0.48,44.07,48.66,2.8683,-0.002,HIP1,65.65028941291881,50.581688,0.02427921,hip_solution_type_not_5,1
hipparcos2,brightest,136,97278,,5,0,296.56487586,10.61326857,8.26,0.17,16.99,-2.98,2.8695,1.507,HIP1,17.249362307053556,121.06537,0.020581113,,0
hipparcos2,brightest,137,80331,,5,0,245.99794481,61.51407545,35.42,0.09,-17.02,56.95,2.8717,0.91,HIP1,59.43890056183745,28.23264,0.0025409376,,0
hipparcos2,brightest,138,74946,,5,0,229.72787002,-68.6794674,17.74,0.12,-66.58,-32.31,2.8816,0.014,HIP1,74.00562478622824,56.369785,0.006764374,,0
hipparcos2,brightest,139,18246,,5,0,58.5329938,31.88365779,4.34,0.19,5.77,-9.92,2.898,0.271,HIP1,11.476031544048665,230.41473,0.0437788,,0
hipparcos2,brightest,140,77952,,5,0,238.78670046,-63.42974982,80.79,0.16,-188.66,-401.85,2.9075,0.315,HIP1,443.9324476764455,12.377769,0.001980443,,0
hipparcos2,brightest,141,84345,D,15,3,258.66192746,14.39025294,9.07,1.32,-7.32,36.07,2.9137,1.164,HIP1,36.80526185207762,110.253586,0.14553474,parallax_frac_error_gt_0p1;hip_solution_type_not_5;hip_component_flag,3
hipparcos2,brightest,142,30343,,5,0,95.73996356,22.51385018,14.08,0.71,56.39,-110.03,2.9141,1.621,HIP1,123.63831525866081,71.02273,0.050426137,,0
hipparcos2,brightest,143,39757,P,5,0,121.88625905,-24.30443679,51.33,0.15,-83.35,46.23,2.9157,0.458,HIP1,95.31230455717666,19.481783,0.0029222677,hip_component_flag,1
hipparcos2,brightest,144,26451,P,5,5,84.41118462,21.14259289,7.33,0.82,1.78,-20.07,2.9184,-0.148,HIP1,20.148779119341203,136.42564,0.11186903,parallax_frac_error_gt_0p1;hip_component_flag,2
hipparcos2,brightest,145,80112,,15,3,245.29717737,-25.59275251,4.68,0.6,-10.6,-16.28,2.9227,0.299,HIP1,19.426744451914736,213.67522,0.12820514,parallax_frac_error_gt_0p1;hip_solution_type_not_5,2
hipparcos2,brightest,146,82514,,1,5,252.9676623,-38.04732677,6.51,0.91,-10.58,-22.06,2.9245,-0.2,HIP1,24.465894629054542,153.60983,0.13978495,parallax_frac_error_gt_0p1;hip_solution_type_not_5,2
hipparcos2,brightest,147,86742,P,5,0,265.8682371,4.56691702,39.85,0.17,-41.45,159.34,2.9279,1.168,HIP1,164.64306271446728,25.094105,0.0042659976,hip_component_flag,1
hipparcos2,brightest,148,2021,,5,0,6.41334187,-77.25503494,134.07,0.11,2219.54,324.09,2.9305,0.618,HIP1,2243.076489935196,7.45879,0.0008204669,,0
hipparcos2,brightest,149,9236,,75,4,29.69113173,-61.56992473,45.43,0.44,263.66,26.77,2.9305,0.29,HIP1,265.0155250169318,22.011887,0.0096852295,hip_solution_type_not_5,1
hipparcos2,brightest,150,81693,,15,3,250.3228214,31.60188678,93.32,0.47,-461.52,342.28,2.9338,0.65,HIP1,574.5922978947768,10.7158165,0.0050364337,hip_solution_type_not_5,1
hipparcos2,brightest,151,13847,,17,3,44.56548212,-40.30473465,20.23,0.55,-52.89,21.98,2.9378,0.128,HIP1,57.27540920849017,49.431538,0.027187347,hip_solution_type_not_5,1
hipparcos2,brightest,152,80816,D,75,4,247.5552571,21.48964873,23.44,0.58,-99.15,-15.39,2.9378,0.947,HIP1,100.3373041296207,42.662113,0.024744026,hip_solution_type_not_5;hip_component_flag,2
hipparcos2,brightest,153,107556,,5,0,326.7595222,-16.12656594,84.27,0.19,261.7,-296.7,2.9409,0.18,HIP1,395.6232804070054,11.86662,0.0022546577,,0
hipparcos2,brightest,154,60965,,5,0,187.46659681,-16.51509405,37.55,0.16,-210.49,-138.74,2.9449,-0.012,HIP1,252.10082843973362,26.631159,0.004260985,,0
hipparcos2,brightest,155,85670,,5,0,262.60823689,52.30135886,8.58,0.1,-15.89,12.28,2.9466,0.954,HIP1,20.08209401432032,116.55012,0.011655012,,0
hipparcos2,brightest,156,30122,,5,0,95.07827961,-30.06337653,9.0,0.13,7.32,4.03,2.9524,-0.16,HIP1,8.356033748136733,111.111115,0.014444444,,0
hipparcos2,brightest,157,94141,,5,0,287.44097407,-21.02352539,6.4,0.43,-1.36,-36.45,2.9664,0.377,HIP1,36.47536291800262,156.25,0.0671875,,0
hipparcos2,brightest,158,25606,,5,0,82.06135954,-20.759232,20.34,0.18,-5.02,-86.01,2.9674,0.807,HIP1,86.15637237024318,49.164207,0.0088495575,,0
hipparcos2,brightest,159,17358,,15,3,55.7311752,47.78765317,6.32,0.47,25.58,-43.06,2.9703,-0.125,HIP1,50.08492787256462,158.22784,0.07436708,hip_solution_type_not_5,1
hipparcos2,brightest,160,108085,,1,1,328.48189257,-37.36482314,15.45,0.67,98.07,-13.22,2.9763,-0.084,HIP1,98.957027542262,64.72492,0.0433657,hip_solution_type_not_5,1
hipparcos2,brightest,161,62322,,15,3,191.57029068,-68.10809406,9.55,0.41,-41.97,-8.89,2.9789,-0.178,HIP1,42.901200449404676,104.712036,0.042931937,hip_solution_type_not_5,1
hipparcos2,brightest,162,90496,,5,0,276.99279012,-25.42124724,41.72,0.16,-44.76,-185.66,2.9838,1.025,HIP1,190.9793004490277,23.969318,0.003835091,,0
hipparcos2,brightest,163,85258,,7,0,261.32498802,-55.52982387,5.05,0.64,-8.51,-25.24,2.9935,1.479,HIP1,26.63602260098155,198.01979,0.12673266,parallax_frac_error_gt_0p1;hip_solution_type_not_5,2
hipparcos2,brightest,164,93747,,5,0,286.35255155,13.86370954,39.28,0.16,-7.25,-95.56,2.9935,0.014,HIP1,95.83462891877862,25.45825,0.00407332,,0
hipparcos2,brightest,165,63608,,5,0,195.54483555,10.95910189,29.76,0.14,-273.8,19.96,2.998,0.934,HIP1,274.5265772197657,33.60215,0.0047043012,,0
hipparcos2,brightest,166,33977,,7,0,105.75613968,-23.83330108,1.18,0.4,-2.21,3.61,3.005,-0.077,HIP1,4.232753241094973,847.45764,0.33898306,parallax_frac_error_gt_0p1;hip_solution_type_not_5,2
hipparcos2,brightest,167,110130,,75,4,334.62574143,-60.25949478,16.33,0.59,-70.72,-39.44,3.0103,1.39,HIP1,80.97426751752683,61.236988,0.03612982,hip_solution_type_not_5,1
hipparcos2,brightest,168,48002,,15,3,146.77557344,-65.07201887,2.27,0.28,-11.51,4.71,3.0186,0.273,HIP1,12.436406233313544,440.52863,0.12334802,parallax_frac_error_gt_0p1;hip_solution_type_not_5,2
hipparcos2,brightest,169,106278,,5,0,322.88966964,-5.5711556,6.07,0.22,18.77,-8.21,3.0404,0.828,HIP1,20.486995875432786,164.74464,0.036243822,,0
hipparcos2,brightest,170,75097,,5,0,230.18228839,71.83397304,6.7,0.11,-17.73,17.9,3.0449,0.058,HIP1,25.194501384230648,149.25374,0.016417911,,0
hipparcos2,brightest,171,14328,,75,4,46.199126,53.50645015,13.41,0.51,0.51,-5.92,3.0586,0.716,HIP1,5.941927296761548,74.57121,0.03803132,hip_solution_type_not_5,1
hipparcos2,brightest,172,10064,,75,4,32.38550383,34.9873921,25.71,0.34,149.16,-39.1,3.0625,0.14,HIP1,154.19959662722857,38.895374,0.013224427,hip_solution_type_not_5,1
hipparcos2,brightest,173,73334,,55,3,224.79041163,-42.10414165,8.51,0.54,-17.62,-22.51,3.0671,-0.208,HIP1,28.586089274330618,117.50881,0.06345476,hip_solution_type_not_5,1
hipparcos2,brightest,174,18543,,7,0,59.50720838,-13.50824446,16.04,0.58,61.57,-113.11,3.0703,1.588,HIP1,128.78174171830415,62.344135,0.036159597,hip_solution_type_not_5,1
hipparcos2,brightest,175,112158,,75,4,340.75053559,30.22130744,15.22,0.71,13.16,-25.67,3.0897,0.852,HIP1,28.846741583756042,65.70302,0.046649143,hip_solution_type_not_5,1
hipparcos2,brightest,176,71075,P,5,0,218.01982423,38.30788378,37.58,0.14,-115.71,151.16,3.098,0.191,HIP1,190.36320469040228,26.609898,0.0037253858,hip_component_flag,1
hipparcos2,brightest,177,56561,,7,0,173.94553439,-63.01982482,7.77,0.34,-33.41,-7.08,3.1068,-0.044,HIP1,34.15193259538909,128.70013,0.043758046,hip_solution_type_not_5,1
hipparcos2,brightest,178,32768,,75,4,102.48390363,-50.61439971,17.92,0.4,34.36,-69.11,3.1077,1.207,HIP1,77.18031938259908,55.80357,0.02232143,hip_solution_type_not_5,1
hipparcos2,brightest,179,109074,,5,0,331.44593869,-0.31982628,6.23,0.19,18.25,-9.39,3.108,0.969,HIP1,20.52400058468134,160.51364,0.030497592,,0
hipparcos2,brightest,180,87073,,5,0,266.89617134,-40.12698187,1.69,0.15,0.01,-6.24,3.1092,0.509,HIP1,6.240008012815369,591.71594,0.088757396,,0
hipparcos2,brightest,181,23767,,5,0,76.62862074,41.23464072,13.4,0.2,31.45,-67.87,3.116,-0.148,HIP1,74.80266973845252,74.62687,0.014925374,,0
hipparcos2,brightest,182,47908,,5,0,146.46292656,23.77427817,13.22,0.15,-45.61,-9.21,3.1168,0.808,HIP1,46.53059423648058,75.64297,0.011346445,,0
hipparcos2,brightest,183,92041,,5,0,281.41397072,-26.9907792,13.63,0.19,50.61,1.22,3.1339,-0.107,HIP1,50.62470246826148,73.36757,0.013939838,,0
hipparcos2,brightest,184,88635,,5,0,271.45218573,-30.42365016,33.67,0.18,-53.92,-180.9,3.1356,0.981,HIP1,188.76487067248505,29.700031,0.005346006,,0
hipparcos2,brightest,185,83895,P,7,1,257.19677058,65.71463661,9.93,0.35,-20.43,19.61,3.1359,-0.12,HIP1,28.31849219149918,100.70493,0.035246726,hip_solution_type_not_5;hip_component_flag,2
hipparcos2,brightest,186,31685,,5,0,99.44029877,-43.19592397,8.78,0.26,-0.44,-3.87,3.1395,-0.103,HIP1,3.8949326053219457,113.89522,0.029612755,,0
hipparcos2,brightest,187,75141,P,1,1,230.34306943,-40.64745903,3.69,0.54,-19.49,-25.29,3.1417,-0.227,HIP1,31.92873627314429,271.00272,0.14634147,parallax_frac_error_gt_0p1;hip_solution_type_not_5;hip_component_flag,3
hipparcos2,brightest,188,106032,P,1,0,322.1648953,70.5606948,4.76,0.3,12.54,8.39,3.1438,-0.201,HIP1,15.08786598561904,210.08403,0.06302521,hip_solution_type_not_5;hip_component_flag,2
hipparcos2,brightest,189,23416,D,75,4,75.49222145,43.82331367,1.53,1.29,-0.86,-2.66,3.1457,0.537,HIP1,2.7955679208346917,653.5948,0.84313726,parallax_frac_error_gt_0p1;hip_solution_type_not_5;hip_component_flag,3
hipparcos2,brightest,190,84379,,5,0,258.75801747,24.8395873,43.41,0.15,-21.18,-156.48,3.1501,0.08,HIP1,157.90688015409586,23.036167,0.0034554251,,0
hipparcos2,brightest,191,89642,,5,0,274.40720579,-36.7612811,22.35,0.24,-129.56,-166.26,3.1512,1.582,HIP1,210.77993547773943,44.74273,0.0107382545,,0
hipparcos2,brightest,192,64962,,5,0,199.73022254,-23.17141256,24.37,0.15,68.99,-41.85,3.1521,0.92,HIP1,80.69103171976424,41.034058,0.0061551086,,0
hipparcos2,brightest,193,50801,Y,5,0,155.58251341,41.4994333,14.16,0.54,-81.47,35.34,3.1544,1.603,HIP1,88.80470989761749,70.62147,0.038135596,hip_component_flag,1
hipparcos2,brightest,194,54539,,5,0,167.41608083,44.4985533,22.57,0.14,-62.02,-27.41,3.1638,1.144,HIP1,67.80699447697118,44.306602,0.0062029245,,0
hipparcos2,brightest,195,59316,,5,0,182.53135799,-22.61979213,10.26,0.16,-71.74,10.25,3.1761,1.326,HIP1,72.4685455904836,97.46588,0.015594541,,0
hipparcos2,brightest,196,44127,,5,0,134.80349431,48.0423495,68.92,0.16,-441.29,-215.32,3.188,0.223,HIP1,491.0189064588043,14.509577,0.0023215322,,0
hipparcos2,brightest,197,32246,,5,0,100.98304103,25.13115545,3.86,0.17,-5.57,-12.36,3.1915,1.377,HIP1,13.557083019587953,259.06735,0.04404145,,0
hipparcos2,brightest,198,84970,P,5,0,260.50243371,-24.99948819,7.48,0.17,-7.37,-23.94,3.1931,-0.186,HIP1,25.048762444480168,133.68983,0.022727273,hip_component_flag,1
hipparcos2,brightest,199,100345,,75,4,305.25269233,-14.78140101,9.98,1.09,44.92,7.38,3.2104,0.79,HIP1,45.52220117700813,100.20041,0.10921845,parallax_frac_error_gt_0p1;hip_solution_type_not_5,2
hipparcos2,brightest,200,95947,,17,3,292.68035521,27.95969502,7.51,0.33,-7.17,-6.15,3.2177,1.088,HIP1,9.44623734616064,133.15579,0.043941412,hip_solution_type_not_5,1
hipparcos2,brightest,201,99473,,75,4,302.82610296,-0.82147572,11.39,0.24,35.26,5.71,3.2245,-0.066,HIP1,35.719346298609665,87.79631,0.021071114,hip_solution_type_not_5,1
hipparcos2,brightest,202,94376,,5,0,288.13814594,67.66131702,33.48,0.1,95.74,91.92,3.2296,0.99,HIP1,132.72314794337873,29.868578,0.002986858,,0
hipparcos2,brightest,203,93194,,7,0,284.73593565,32.68955294,5.26,0.27,-3.09,1.11,3.2342,-0.049,HIP1,3.283321488980328,190.11406,0.051330797,hip_solution_type_not_5,1
hipparcos2,brightest,204,21281,P,17,3,68.49882662,-55.04500553,19.34,0.31,57.75,10.93,3.2372,-0.079,HIP1,58.77522777497336,51.706306,0.016028956,hip_solution_type_not_5;hip_component_flag,2
hipparcos2,brightest,205,83081,,5,0,254.65512805,-55.9900554,6.71,0.19,-17.8,-36.67,3.2393,1.552,HIP1,40.76185594400726,149.0313,0.028315946,,0
hipparcos2,brightest,206,71908,,5,0,220.6278545,-64.97456951,60.35,0.14,-192.53,-233.51,3.2465,0.256,HIP1,302.64619772929575,16.57001,0.0023198011,,0
hipparcos2,brightest,207,45860,,5,0,140.26441179,34.39252548,16.06,0.17,-223.63,15.18,3.252,1.55,HIP1,224.14461693290784,62.266502,0.010585305,,0
hipparcos2,brightest,208,24305,,1,0,78.23280447,-16.2054292,17.54,0.55,47.09,-16.39,3.2528,-0.11,HIP1,49.860808256585656,57.01254,0.031356897,hip_solution_type_not_5,1
hipparcos2,brightest,209,52943,,5,0,162.40596684,-16.19413227,22.69,0.23,93.35,198.88,3.2707,1.232,HIP1,219.69860468378036,44.072277,0.010136624,,0
hipparcos2,brightest,210,101772,,5,0,309.39162358,-47.29166243,33.17,0.18,49.24,66.53,3.2707,0.998,HIP1,82.76967137786643,30.147726,0.005426591,,0
hipparcos2,brightest,211,85267,,5,0,261.34858239,-56.377688,2.93,0.16,-0.44,-15.77,3.271,-0.15,HIP1,15.776137043015314,341.2969,0.054607507,,0
hipparcos2,brightest,212,46853,,5,0,143.21802163,51.67860217,74.19,0.14,-947.46,-535.6,3.277,0.475,HIP1,1088.36933602523,13.478905,0.0018870467,,0
hipparcos2,brightest,213,50099,,5,0,153.43449551,-70.03792176,9.54,0.09,-36.01,7.09,3.2783,-0.074,HIP1,36.70133785027461,104.8218,0.009433962,,0
hipparcos2,brightest,214,43813,,5,0,133.84868675,5.94552781,19.51,0.18,-100.06,15.46,3.2803,0.978,HIP1,101.2472972478772,51.255764,0.009226038,,0
hipparcos2,brightest,215,46701,,5,0,142.80564082,-57.03439143,13.65,0.1,-32.54,5.87,3.2811,1.538,HIP1,33.065215861990076,73.26008,0.007326008,,0
hipparcos2,brightest,216,27628,,5,0,87.73980343,-35.76929221,37.41,0.12,54.77,404.2,3.2833,1.146,HIP1,407.89385003944346,26.730822,0.0032076985,,0
hipparcos2,brightest,217,22449,,5,0,72.45890914,6.96124728,123.94,0.17,464.06,11.21,3.2862,0.484,HIP1,464.19537664651506,8.06842,0.0013716314,,0
hipparcos2,brightest,218,14354,P,5,0,46.29373783,38.8405331,10.6,0.25,129.22,-105.7,3.2889,1.528,HIP1,166.943997795668,94.33962,0.023584904,hip_component_flag,1
hipparcos2,brightest,219,25281,,15,3,81.11923807,-2.39713913,3.34,1.07,-0.71,-3.46,3.2919,-0.24,HIP1,3.5320956951928695,299.4012,0.32035932,parallax_frac_error_gt_0p1;hip_solution_type_not_5,2
hipparcos2,brightest,220,29655,W,17,3,93.71956913,22.5068238,8.48,1.23,-62.46,-12.12,3.2945,1.6,HIP1,63.625042239671636,117.92454,0.14504717,parallax_frac_error_gt_0p1;hip_solution_type_not_5;hip_component_flag,3
hipparcos2,brightest,221,113136,,1,2,343.66266392,-15.8207595,20.31,1.76,-42.6,-27.89,3.2964,0.066,HIP1,50.9176992803092,49.23683,0.086656824,hip_solution_type_not_5,1
hipparcos2,brightest,222,73714,,5,0,226.01775826,-25.28185595,11.31,0.25,-71.16,-43.34,3.3093,1.674,HIP1,83.31927268045492,88.41733,0.022104332,,0
hipparcos2,brightest,223,8886,,1,0,28.59868112,63.67014682,7.92,0.43,32.09,-18.94,3.3107,-0.15,HIP1,37.262470395828565,126.26263,0.05429293,hip_solution_type_not_5,1
hipparcos2,brightest,224,32607,,1,2,102.04807108,-61.94197967,33.78,1.78,-66.07,242.97,3.3114,0.225,HIP1,251.79290260053003,29.603317,0.052693903,hip_solution_type_not_5,1
hipparcos2,brightest,225,84380,,5,0,258.76189269,36.80915546,8.66,0.12,-27.29,2.82,3.3121,1.437,HIP1,27.435314833258246,115.47344,0.013856813,,0
hipparcos2,brightest,226,75264,,57,3,230.67036256,-44.68956931,6.37,0.7,-22.86,-18.87,3.3138,-0.191,HIP1,29.64214061096128,156.98587,0.10989011,parallax_frac_error_gt_0p1;hip_solution_type_not_5,2
hipparcos2,brightest,227,23685,,5,0,76.36521684,-22.37085672,15.29,0.19,21.13,-73.11,3.3215,1.46,HIP1,76.10222729986292,65.40222,0.012426422,,0
hipparcos2,brightest,228,51576,P,1,0,158.00618286,-61.68536026,6.75,0.4,-17.01,11.5,3.3225,-0.089,HIP1,20.53265935041051,148.14815,0.059259262,hip_solution_type_not_5;hip_component_flag,2
hipparcos2,brightest,229,67464,P,5,0,207.37623896,-41.68765986,7.47,0.17,-26.77,-20.18,3.3237,-0.225,HIP1,33.524100286212004,133.8688,0.022757698,hip_component_flag,1
hipparcos2,brightest,230,54879,,5,0,168.56017066,15.42976284,19.76,0.17,-60.31,-79.1,3.3288,-0.003,HIP1,99.46912133923773,50.60729,0.0086032385,,0
hipparcos2,brightest,231,26207,,15,3,83.78449086,9.93416302,2.97,0.55,-0.34,-2.94,3.3298,-0.16,HIP1,2.9595945668283687,336.70035,0.1851852,parallax_frac_error_gt_0p1;hip_solution_type_not_5,2
hipparcos2,brightest,232,59774,,5,0,183.85603762,57.0325977,40.51,0.15,104.11,7.3,3.3353,0.077,HIP1,104.36561742259757,24.685265,0.0037027898,,0
hipparcos2,brightest,233,78384,,5,0,240.03058533,-38.39664104,7.38,0.18,-16.96,-27.83,3.3398,-0.206,HIP1,32.59065049979825,135.50136,0.024390245,,0
hipparcos2,brightest,234,17678,P,5,0,56.80929757,-74.23924238,15.24,0.11,50.85,114.74,3.342,1.59,HIP1,125.50294857093995,65.6168,0.0072178477,hip_component_flag,1
hipparcos2,brightest,235,87261,,5,0,267.46437979,-37.04337108,25.92,0.15,40.59,27.24,3.3521,1.192,HIP1,48.88318422525276,38.580246,0.0057870373,,0
hipparcos2,brightest,236,83000,,5,0,254.41779403,9.37505651,35.66,0.2,-292.13,-10.38,3.3612,1.16,HIP1,292.3143535647882,28.042625,0.005608525,,0
hipparcos2,brightest,237,45080,,1,1,137.74210507,-58.96693013,7.3,0.35,-16.64,15.0,3.3666,-0.19,HIP1,22.40289267036737,136.9863,0.047945205,hip_solution_type_not_5,1
hipparcos2,brightest,238,104732,,7,1,318.23408975,30.22708125,22.79,0.35,6.51,-68.21,3.3743,0.99,HIP1,68.51995475772003,43.87889,0.015357612,hip_solution_type_not_5,1
hipparcos2,brightest,239,36377,,75,4,112.30782593,-43.30189094,16.84,0.48,-59.55,188.31,3.3757,1.509,HIP1,197.50154075348374,59.382423,0.028503561,hip_solution_type_not_5,1
hipparcos2,brightest,240,116727,,1,1,354.83742562,77.63196666,70.91,0.4,-47.96,126.59,3.3767,1.031,HIP1,135.37056437793262,14.102383,0.0056409533,hip_solution_type_not_5,1
hipparcos2,brightest,241,18724,,5,0,60.17008546,12.49037559,6.74,0.17,-8.02,-14.42,3.3774,-0.099,HIP1,16.500206059319382,148.36795,0.025222553,,0
hipparcos2,brightest,242,79882,,5,0,244.58017054,-4.69260821,30.64,0.2,83.4,40.58,3.3887,0.966,HIP1,92.74856548755889,32.637077,0.0065274155,,0
hipparcos2,brightest,243,112029,,5,0,340.3653119,10.83139097,15.96,0.19,77.22,-11.38,3.3887,-0.086,HIP1,78.05403769184525,62.656643,0.011904762,,0
hipparcos2,brightest,244,38827,,1,1,119.19475736,-52.98240068,7.17,0.47,-28.68,19.71,3.3939,-0.177,HIP1,34.799806033942204,139.47002,0.06555091,hip_solution_type_not_5,1
hipparcos2,brightest,245,67472,,5,0,207.4041992,-42.47368514,6.45,0.16,-24.25,-18.64,3.3969,-0.17,HIP1,30.586142286990036,155.03876,0.024806201,,0
hipparcos2,brightest,246,89962,,5,0,275.32883536,-2.89712199,53.93,0.18,-547.75,-701.42,3.3995,0.941,HIP1,889.9550993729964,18.542555,0.00333766,,0
hipparcos2,brightest,247,93805,,1,0,286.56229133,-4.88233451,26.37,0.64,-18.69,-91.02,3.4026,-0.096,HIP1,92.91908576821018,37.92188,0.024270002,hip_solution_type_not_5,1
hipparcos2,brightest,248,66249,,5,0,203.67397824,-0.5959383,44.03,0.19,-280.48,49.05,3.4147,0.114,HIP1,284.7366026699062,22.711788,0.00431524,,0
hipparcos2,brightest,249,84143,,5,0,258.03823358,-43.23849048,44.39,0.16,24.47,-288.55,3.4149,0.441,HIP1,289.58570993748987,22.527597,0.0036044153,,0
hipparcos2,brightest,250,68895,,5,0,211.59278732,-26.68201863,32.3,0.16,43.7,-141.18,3.4187,1.091,HIP1,147.78864097081345,30.959753,0.0049535604,,0
hipparcos2,brightest,251,90422,,5,0,276.74345944,-45.96832923,11.74,0.17,-16.95,-53.09,3.4234,-0.179,HIP1,55.73015880113747,85.17888,0.014480409,,0
hipparcos2,brightest,252,3092,,5,0,9.83165586,30.86122597,30.91,0.15,114.45,-84.02,3.4328,1.268,HIP1,141.9794453433313,32.35199,0.004852799,,0
hipparcos2,brightest,253,63090,P,5,0,193.90201354,3.39759875,16.44,0.22,-469.99,-52.83,3.4405,1.571,HIP1,472.94990115233134,60.827248,0.013381994,hip_component_flag,1
hipparcos2,brightest,254,95501,,75,4,291.37396955,3.11457893,64.41,1.0,254.54,82.51,3.4408,0.319,HIP1,267.57898217161977,15.525538,0.0155255385,hip_solution_type_not_5,1
hipparcos2,brightest,255,32362,,5,0,101.3226399,12.89605512,55.56,0.19,-115.73,-190.55,3.4417,0.443,HIP1,222.94110298462238,17.99856,0.0034197264,,0
hipparcos2,brightest,256,50372,,1,1,154.27469481,42.91446775,23.72,0.78,-180.65,-46.07,3.4586,0.029,HIP1,186.43193771454503,42.158516,0.032883644,hip_solution_type_not_5,1
hipparcos2,brightest,257,20894,P,1,0,67.16531227,15.87094681,21.69,0.46,108.42,-26.74,3.4597,0.179,HIP1,111.66881390970354,46.104195,0.02120793,hip_solution_type_not_5;hip_component_flag,2
hipparcos2,brightest,258,75458,,5,0,231.23243369,58.96602361,32.23,0.1,-8.36,17.08,3.4638,1.166,HIP1,19.016203616915757,31.026995,0.0031026995,,0
hipparcos2,brightest,259,32759,,5,0,102.46027267,-32.50848753,4.95,0.12,-8.84,3.73,3.4644,-0.116,HIP1,9.594712085310325,202.0202,0.024242425,,0
hipparcos2,brightest,260,5165,G,1,2,16.52128448,-46.71849569,0.12,14.62,-80.81,34.97,3.4646,0.885,HIP1,88.05201303774946,8333.334,121.833336,parallax_frac_error_gt_0p1;hip_solution_type_not_5;hip_component_flag,3
hipparcos2,brightest,261,93864,,75,4,286.73517625,-27.66981476,26.82,0.86,-50.61,-249.8,3.4689,1.169,HIP1,254.87528734657664,37.285606,0.032065623,hip_solution_type_not_5,1
hipparcos2,brightest,262,102395,,5,0,311.23981532,-66.20323826,24.14,0.16,-42.67,9.94,3.4733,0.163,HIP1,43.81246968615214,41.425022,0.0066280034,,0
hipparcos2,brightest,263,82545,,5,0,253.08397305,-38.01747827,6.88,0.12,-11.09,-23.32,3.4829,-0.21,HIP1,25.822674145022237,145.34883,0.01744186,,0
hipparcos2,brightest,264,69996,,5,0,214.8509698,-46.05808389,9.65,0.2,-12.56,-4.76,3.4849,-0.184,HIP1,13.431723642183828,103.626945,0.02072539,,0
hipparcos2,brightest,265,88048,,5,0,269.75665635,-9.77334967,21.64,0.26,-9.48,-116.69,3.4871,0.987,HIP1,117.07444853596364,46.210724,0.012014788,,0
hipparcos2,brightest,266,19780,,5,0,63.60596318,-62.47397892,20.18,0.1,41.97,49.42,3.4953,0.915,HIP1,64.83685140412048,49.554012,0.004955401,,0
hipparcos2,brightest,267,12706,,15,3,40.82551857,3.23617153,40.97,0.63,-146.1,-146.12,3.5001,0.093,HIP1,206.630744082288,24.408102,0.015377104,hip_solution_type_not_5,1
hipparcos2,brightest,268,43109,W,17,3,131.6943589,6.41890803,25.23,0.98,-228.11,-43.82,3.5004,0.685,HIP1,232.28078805617997,39.635357,0.03884265,hip_solution_type_not_5;hip_component_flag,2
hipparcos2,brightest,269,48774,,5,0,149.21564515,-54.56779725,2.05,0.11,-13.08,3.55,3.5031,-0.067,HIP1,13.553187816893855,487.8049,0.053658538,,0
hipparcos2,brightest,270,49583,,5,0,151.83313986,16.76266561,2.57,0.16,-2.8,-1.82,3.5034,-0.031,HIP1,3.3395209237254373,389.10507,0.06225681,,0
hipparcos2,brightest,271,41704,,5,0,127.56679237,60.71843103,18.21,0.16,-133.76,-107.45,3.5041,0.856,HIP1,171.57284196515485,54.914886,0.008786381,,0
hipparcos2,brightest,272,50335,,5,0,154.17251782,23.41732831,11.9,0.18,18.39,-6.84,3.5096,0.307,HIP1,19.62084860550124,84.033615,0.015126051,,0
hipparcos2,brightest,273,38170,,5,0,117.32357816,-24.85978408,2.72,0.21,-4.81,-0.89,3.5109,1.218,HIP1,4.891645939763015,367.64706,0.07720588,,0
hipparcos2,brightest,274,109492,P,5,0,332.71359145,58.20124993,3.9,0.1,13.52,5.24,3.512,1.558,HIP1,14.499931034318749,256.41025,0.025641026,hip_component_flag,1
hipparcos2,brightest,275,20042,,5,0,64.4734105,-33.79833154,18.33,0.15,62.52,-7.24,3.5167,-0.108,HIP1,62.93781057520194,54.555374,0.008183306,,0
hipparcos2,brightest,276,112623,,5,0,342.13832136,-51.31670358,25.3,0.48,108.43,-64.83,3.519,0.083,HIP1,126.33286904048369,39.525692,0.018972332,,0
hipparcos2,brightest,277,8796,,5,0,28.27041599,29.57939714,51.5,0.23,10.82,-234.24,3.521,0.488,HIP1,234.48976523507375,19.417477,0.0044660196,,0
hipparcos2,brightest,278,10602,,5,0,34.12708462,-51.51211139,21.22,0.12,91.03,-22.23,3.5211,-0.12,HIP1,93.7050361506787,47.125355,0.0056550424,,0
hipparcos2,brightest,279,50371,,5,0,154.27085573,-61.33231981,4.96,0.09,-24.73,7.2,3.5298,1.541,HIP1,25.756802984842665,201.6129,0.018145163,,0
hipparcos2,brightest,280,6867,,75,4,22.09142395,-43.31772907,13.96,0.34,-18.06,-208.63,3.5329,1.542,HIP1,209.41022061972046,71.63324,0.024355302,hip_solution_type_not_5,1
hipparcos2,brightest,281,42536,,1,1,130.0733715,-52.92197266,6.61,0.35,-24.42,34.44,3.5371,-0.168,HIP1,42.21907151987121,151.28593,0.052950073,hip_solution_type_not_5,1
hipparcos2,brightest,282,77516,,7,1,237.40527319,-3.43014121,19.23,0.38,-100.28,-25.99,3.5411,-0.036,HIP1,103.5932357830375,52.002083,0.019760791,hip_solution_type_not_5,1
hipparcos2,brightest,283,109427,,1,1,332.54924876,6.19778923,35.34,0.85,282.18,30.46,3.5534,0.086,HIP1,283.81924529531113,28.296547,0.024052067,hip_solution_type_not_5,1
hipparcos2,brightest,284,24674,,5,0,79.40166213,-6.84438593,6.6,0.15,-17.61,-9.24,3.5544,-0.115,HIP1,19.886922838890886,151.51515,0.022727273,,0
hipparcos2,brightest,285,86974,,5,0,266.6154953,27.72249916,120.33,0.16,-291.66,-749.6,3.5596,0.75,HIP1,804.3417902856969,8.310479,0.0013296767,,0
hipparcos2,brightest,286,92420,P,5,0,282.51997467,33.36267802,3.39,0.17,1.9,-3.53,3.5618,0.003,HIP1,4.0088527037046395,294.98523,0.050147492,hip_component_flag,1
hipparcos2,brightest,287,85727,,75,4,262.77490445,-60.68360659,16.48,0.34,-54.01,-99.25,3.5681,-0.104,HIP1,112.99399364568012,60.679615,0.02063107,hip_solution_type_not_5,1
hipparcos2,brightest,288,102422,,5,0,311.32195267,61.83679418,70.1,0.11,86.5,818.02,3.5692,0.912,HIP1,822.5806771375072,14.265335,0.0015691869,,0
hipparcos2,brightest,289,74395,,5,0,228.07167993,-52.09907475,27.8,0.15,-112.92,-71.18,3.5711,0.918,HIP1,133.48227897365254,35.971226,0.005395684,,0
hipparcos2,brightest,290,27288,,5,0,86.73895722,-14.82194738,46.28,0.16,-14.54,-1.07,3.5778,0.104,HIP1,14.57931754232687,21.607607,0.003457217,,0
hipparcos2,brightest,291,44471,,55,3,135.90649443,47.15665938,9.1,0.5,-36.19,-55.4,3.5778,0.007,HIP1,66.17307685154137,109.89011,0.05494505,hip_solution_type_not_5,1
hipparcos2,brightest,292,13209,,5,0,42.49578916,27.26079044,19.69,0.19,66.81,-116.52,3.5831,-0.1,HIP1,134.31487817810802,50.7872,0.009649568,,0
hipparcos2,brightest,293,3821,,17,3,12.27125307,57.81654753,167.98,0.48,1086.59,-559.43,3.5835,0.587,HIP1,1222.1455531155034,5.9530897,0.002857483,hip_solution_type_not_5,1
hipparcos2,brightest,294,33856,,5,0,105.42979889,-27.93484165,2.91,0.19,-5.98,4.59,3.5847,1.729,HIP1,7.5384680141259475,343.6426,0.06529209,,0
hipparcos2,brightest,295,76600,,5,1,234.6641014,-29.77768933,8.89,0.2,-22.08,-24.46,3.5999,-0.177,HIP1,32.9517526089281,112.48593,0.022497186,,0
hipparcos2,brightest,296,35550,D,75,4,110.03078875,21.98233983,53.94,0.66,-15.13,-9.79,3.6031,0.374,HIP1,18.02112649087176,18.539118,0.012235818,hip_solution_type_not_5;hip_component_flag,2
hipparcos2,brightest,297,113726,,55,3,345.48019356,42.32597936,4.75,0.53,22.99,0.88,3.6041,-0.099,HIP1,23.006835940650333,210.52632,0.11157894,parallax_frac_error_gt_0p1;hip_solution_type_not_5,2
hipparcos2,brightest,298,86263,,5,0,264.3967721,-15.39840819,30.98,0.19,-42.1,-59.94,3.6075,0.262,HIP1,73.24761839131699,32.27889,0.006132989,,0
hipparcos2,brightest,299,17847,,75,4,57.29054699,24.05352413,8.53,0.39,17.7,-44.18,3.6084,-0.07,HIP1,47.59372227510683,117.2333,0.045720983,hip_solution_type_not_5,1
hipparcos2,brightest,300,2920,,5,0,9.24277909,53.89693155,5.5,0.16,17.38,-9.86,3.6112,-0.196,HIP1,19.982091982572793,181.81818,0.02909091,,0
hipparcos2,brightest,301,35350,,5,0,109.5233617,16.54047524,32.33,0.2,-44.43,-36.61,3.6148,0.106,HIP1,57.570105089360396,30.931023,0.0061862045,,0
hipparcos2,brightest,302,42828,,5,0,130.89811459,-33.1864114,3.71,0.14,-14.27,10.43,3.6188,-0.18,HIP1,17.6753444096572,269.54178,0.03773585,,0
hipparcos2,brightest,303,98337,,5,0,299.68911523,19.49209268,12.62,0.18,66.21,22.22,3.6215,1.571,HIP1,69.83904710117399,79.2393,0.014263075,,0
hipparcos2,brightest,304,5364,,5,0,17.14693207,-10.18192793,26.32,0.14,215.61,-139.02,3.6235,1.161,HIP1,256.5428472984581,37.993923,0.0053191492,,0
hipparcos2,brightest,305,22549,P,5,0,72.80152507,5.60510135,3.1,0.18,-2.21,0.85,3.6236,-0.157,HIP1,2.3678260071213004,322.58066,0.05806452,hip_component_flag,1
hipparcos2,brightest,306,74666,,5,0,228.8754325,33.31510247,26.78,0.16,84.74,-111.58,3.6268,0.961,HIP1,140.11054207303602,37.341297,0.0059746075,,0
hipparcos2,brightest,307,47508,,5,0,145.28799101,9.8923988,25.03,0.22,-143.2,-37.2,3.6282,0.516,HIP1,147.95296549917475,39.952057,0.008789453,,0
hipparcos2,brightest,308,8102,,5,0,26.02136459,-15.93955572,273.96,0.17,-1721.05,854.16,3.6295,0.727,HIP1,1921.3543161270386,3.650168,0.0006205286,,0
hipparcos2,brightest,309,88714,,5,0,271.65782837,-50.09145456,4.01,0.15,-8.27,-8.7,3.6327,-0.101,HIP1,12.003453669673574,249.37654,0.03740648,,0
hipparcos2,brightest,310,55219,,5,0,169.61981388,33.09423879,8.17,0.17,-26.84,28.69,3.6375,1.4,HIP1,39.2874241965543,122.39902,0.020807834,,0
hipparcos2,brightest,311,33018,,5,0,103.19725016,33.96136984,17.25,0.19,-1.66,-47.31,3.6405,0.102,HIP1,47.33911384890934,57.971016,0.011014492,,0
hipparcos2,brightest,312,81833,,5,0,250.7239106,38.9224609,30.02,0.11,35.41,-85.3,3.6411,0.916,HIP1,92.35777227716137,33.311127,0.0036642237,,0
hipparcos2,brightest,313,68756,,75,4,211.09760812,64.3758087,10.76,0.17,-56.34,17.21,3.6452,-0.049,HIP1,58.9099287047608,92.9368,0.015799256,hip_solution_type_not_5,1
hipparcos2,brightest,314,73555,,5,0,225.48663804,40.39063698,14.48,0.14,-40.15,-28.86,3.6469,0.956,HIP1,49.446153540998516,69.060776,0.009668509,,0
hipparcos2,brightest,315,22797,,5,0,73.56289884,2.4406716,2.43,0.39,0.55,0.61,3.647,-0.179,HIP1,0.8213403679352428,411.5226,0.16049382,parallax_frac_error_gt_0p1,1
hipparcos2,brightest,316,46651,W,17,3,142.675471,-40.46688846,53.15,0.37,-147.98,61.35,3.6577,0.371,HIP1,160.19332976126066,18.814674,0.00696143,hip_solution_type_not_5;hip_component_flag,2
hipparcos2,brightest,317,89937,,75,4,275.25974417,72.73369776,124.11,0.87,531.21,-349.71,3.6666,0.489,HIP1,635.988323949426,8.057368,0.0070099104,hip_solution_type_not_5,1
hipparcos2,brightest,318,112748,,5,0,342.50041798,24.60168465,30.74,0.27,144.7,-41.87,3.6685,0.933,HIP1,150.63594159429547,32.530903,0.008783344,,0
hipparcos2,brightest,319,112724,,5,0,342.42046746,66.20071079,28.29,0.1,-65.89,-125.17,3.6704,1.053,HIP1,141.4532466930328,35.34818,0.0035348178,,0
hipparcos2,brightest,320,40526,,5,1,124.12895281,9.18566355,10.75,0.19,-46.82,-49.24,3.6714,1.481,HIP1,67.94622874008535,93.023254,0.017674418,,0
hipparcos2,brightest,321,17378,,5,0,55.81231675,-9.76519869,110.61,0.22,-93.16,743.64,3.6796,0.915,HIP1,749.4526237194717,9.040773,0.0019889702,,0
hipparcos2,brightest,322,26549,G,55,3,84.68652551,-2.60006563,3.04,8.92,22.63,13.45,3.6811,-0.19,HIP1,26.32526163212818,328.9474,2.9342105,parallax_frac_error_gt_0p1;hip_solution_type_not_5;hip_component_flag,3
hipparcos2,brightest,323,77233,,5,0,236.54672826,15.42192603,21.03,0.26,65.38,-38.61,3.6836,0.073,HIP1,75.92941788266258,47.551117,0.0123632895,,0
hipparcos2,brightest,324,57363,,75,4,176.40236385,-66.72884361,25.65,0.34,-100.35,33.49,3.684,0.16,HIP1,105.79084364915519,38.986355,0.013255361,hip_solution_type_not_5,1
hipparcos2,brightest,325,17499,,5,0,56.21884818,24.1134484,8.06,0.25,20.84,-46.06,3.6857,-0.105,HIP1,50.55520942494453,124.06947,0.031017369,,0
hipparcos2,brightest,326,99240,,5,0,302.17441726,-66.1793211,163.71,0.17,1211.03,-1130.05,3.6876,0.751,HIP1,1656.3836099768675,6.108362,0.0010384215,,0
hipparcos2,brightest,327,93085,,7,1,284.43241354,-21.10662351,8.93,0.53,31.72,-13.33,3.688,1.151,HIP1,34.40708211981946,111.98208,0.059350498,hip_solution_type_not_5,1
hipparcos2,brightest,328,75177,,5,0,230.45181859,-36.26116746,11.86,0.16,-92.33,-85.67,3.6909,1.534,HIP1,125.95307777104932,84.31703,0.013490725,,0
hipparcos2,brightest,329,27072,,5,0,86.11656244,-22.44748675,112.02,0.18,-291.67,-368.97,3.6977,0.481,HIP1,470.32993717176885,8.926977,0.001606856,,0
hipparcos2,brightest,330,20889,,5,0,67.15388847,19.18052103,22.24,0.25,106.19,-37.84,3.6992,1.014,HIP1,112.73057127505386,44.964027,0.011241008,,0
hipparcos2,brightest,331,56343,,5,0,173.25107925,-31.85752392,25.16,0.16,-209.62,-40.84,3.7025,0.947,HIP1,213.5613494993886,39.74563,0.0063593006,,0
hipparcos2,brightest,332,16083,,15,3,51.79216991,9.73277231,15.6,1.04,50.58,-39.54,3.7082,-0.082,HIP1,64.20084111598538,64.10256,0.06666666,hip_solution_type_not_5,1
hipparcos2,brightest,333,26551,G,15,3,84.69009956,-2.59968627,6.38,0.9,0.79,-0.9,3.7103,-0.18,HIP1,1.1975391434103522,156.7398,0.14106582,parallax_frac_error_gt_0p1;hip_solution_type_not_5;hip_component_flag,3
hipparcos2,brightest,334,57757,,5,0,177.67202597,1.76537702,91.5,0.22,740.23,-270.43,3.7136,0.518,HIP1,788.0817456330276,10.928962,0.0024043715,,0
hipparcos2,brightest,335,55282,,5,0,169.83551156,-14.77904381,17.56,0.19,-124.67,207.59,3.7179,1.112,HIP1,242.14916270761705,56.94761,0.010820046,,0
hipparcos2,brightest,336,37819,,5,0,116.31376645,-37.96859869,2.88,0.19,-10.18,6.34,3.72,1.706,HIP1,11.992831192007998,347.2222,0.06597222,,0
hipparcos2,brightest,337,101769,,57,3,309.38695882,14.59520556,32.33,0.47,118.09,-48.06,3.723,0.425,HIP1,127.49514382908865,30.931023,0.01453758,hip_solution_type_not_5,1
hipparcos2,brightest,338,37740,,5,0,116.1119523,24.39812909,23.07,0.22,-23.39,-54.57,3.7285,0.932,HIP1,59.371516739931785,43.346336,0.009536195,,0
hipparcos2,brightest,339,15474,P,5,5,49.87904019,-21.7579425,10.71,0.54,51.89,32.92,3.7303,1.614,HIP1,61.451594771820204,93.37068,0.05042017,hip_component_flag,1
hipparcos2,brightest,340,1562,,5,0,4.85701294,-8.82382954,11.88,0.18,-15.15,-37.11,3.7314,1.214,HIP1,40.08334566874377,84.17509,0.015151516,,0
hipparcos2,brightest,341,60260,,5,0,185.34088014,-60.40136978,14.19,0.17,-170.93,91.67,3.7319,1.389,HIP1,193.9599283357261,70.47217,0.011980268,,0
hipparcos2,brightest,342,46733,,5,0,142.88154034,63.06179549,41.99,0.16,107.99,27.15,3.7327,0.36,HIP1,111.3506290956634,23.815193,0.0038104309,,0
hipparcos2,brightest,343,71053,,5,0,217.95774099,30.37114492,20.37,0.18,-100.9,120.73,3.7331,1.298,HIP1,157.34212055263524,49.0918,0.008836525,,0
hipparcos2,brightest,344,72220,,5,0,221.56246631,1.89293837,24.25,0.18,-114.03,-22.13,3.7371,-0.005,HIP1,116.15755593158802,41.237114,0.0074226805,,0
hipparcos2,brightest,345,75695,P,75,4,231.95771591,29.10549183,29.17,0.76,-180.17,85.92,3.7373,0.319,HIP1,199.60830468695434,34.281796,0.026054164,hip_solution_type_not_5;hip_component_flag,2
hipparcos2,brightest,346,100064,,5,0,304.5134105,-12.54485879,30.82,0.19,62.63,2.66,3.7388,0.883,HIP1,62.68646185581063,32.446465,0.006164828,,0
hipparcos2,brightest,347,37229,,17,3,114.70784027,-26.80389045,9.41,0.8,-16.64,21.28,3.7439,-0.159,HIP1,27.013478117413907,106.26993,0.085015945,hip_solution_type_not_5,1
hipparcos2,brightest,348,68245,,5,0,209.56785293,-42.10070505,6.21,0.17,-22.77,-20.13,3.7448,-0.224,HIP1,30.39226546343658,161.0306,0.0273752,,0
hipparcos2,brightest,349,110960,,17,3,337.2075006,-0.02006525,35.5,1.26,182.92,50.36,3.745,0.406,HIP1,189.72573889696673,28.169014,0.035492957,hip_solution_type_not_5,1
hipparcos2,brightest,350,76470,,5,0,234.25607783,-28.1350712,14.58,0.19,-12.82,-4.15,3.7471,1.361,HIP1,13.474973098303389,68.587105,0.01303155,,0
hipparcos2,brightest,351,86414,,5,0,264.8662182,46.00632235,7.17,0.13,-7.48,4.53,3.7497,-0.179,HIP1,8.744787018561402,139.47002,0.018131102,,0
hipparcos2,brightest,352,7607,,5,0,24.49792632,48.62848635,18.41,0.18,61.95,-112.15,3.7515,1.275,HIP1,128.12269510121928,54.318306,0.009777295,,0
hipparcos2,brightest,353,77622,,5,0,237.7037134,4.47757979,46.3,0.19,128.19,62.16,3.7548,0.147,HIP1,142.4659317170249,21.598272,0.0041036718,,0
hipparcos2,brightest,354,88771,,5,0,271.83758628,9.56365363,37.55,0.21,-62.17,79.66,3.7636,0.159,HIP1,101.04862443398227,26.631159,0.005592543,,0
hipparcos2,brightest,355,87108,,5,0,266.97322551,2.70745866,31.73,0.21,-24.64,-74.42,3.7637,0.043,HIP1,78.39302264870261,31.515917,0.0066183424,,0
hipparcos2,brightest,356,101958,,55,3,309.90939398,15.91205267,12.85,0.44,53.82,8.47,3.765,-0.057,HIP1,54.48241275861413,77.82101,0.034241244,hip_solution_type_not_5,1
hipparcos2,brightest,357,82729,,5,0,253.64627156,-42.36075919,24.65,0.27,-127.72,-229.44,3.7651,1.393,HIP1,262.5930539827739,40.56795,0.010953347,,0
hipparcos2,brightest,358,106985,,75,4,325.02225947,-16.66225299,20.77,0.72,187.56,-22.45,3.766,0.32,HIP1,188.89879856685167,48.146362,0.034665383,hip_solution_type_not_5,1
hipparcos2,brightest,359,63613,,75,4,195.56574102,-71.54879895,35.88,0.44,264.17,-22.75,3.7698,1.19,HIP1,265.14779161818416,27.87068,0.012263099,hip_solution_type_not_5,1
hipparcos2,brightest,360,15900,,1,1,51.20348981,9.02906438,11.21,0.87,-67.04,-78.04,3.77,0.887,HIP1,102.88150076665873,89.20606,0.07760928,hip_solution_type_not_5,1
hipparcos2,brightest,361,86929,,5,0,266.43334328,-64.72373456,9.26,0.18,-11.96,-56.57,3.77,1.161,HIP1,57.820467829307646,107.991356,0.019438446,,0
hipparcos2,brightest,362,49841,,75,4,152.6474869,-12.35383947,28.98,0.83,-201.27,-99.63,3.7748,1.007,HIP1,224.57905022508223,34.506557,0.028640442,hip_solution_type_not_5,1
hipparcos2,brightest,363,6537,,5,0,21.00604673,-8.18275392,28.66,0.19,-77.94,-206.53,3.7757,1.065,HIP1,220.74710530378422,34.891834,0.006629449,,0
hipparcos2,brightest,364,102618,,5,0,311.91888544,-9.49568985,15.7,0.21,33.98,-34.77,3.7818,0.0,HIP1,48.616800594033336,63.694267,0.013375796,,0
hipparcos2,brightest,365,111169,,5,0,337.82239908,50.28244982,31.79,0.12,137.51,17.01,3.782,0.031,HIP1,138.5580751887092,31.456432,0.0037747717,,0
hipparcos2,brightest,366,68282,,5,0,209.66988043,-44.80353128,7.63,0.16,-27.51,-22.44,3.7877,-0.208,HIP1,35.50146053333581,131.0616,0.020969855,,0
hipparcos2,brightest,367,28103,,5,0,89.10132629,-14.16803817,67.21,0.25,-42.06,139.26,3.7888,0.337,HIP1,145.47299130766507,14.878738,0.0037196847,,0
hipparcos2,brightest,368,61199,P,5,0,188.11712936,-72.13297568,10.04,0.13,-51.34,-5.4,3.7903,-0.157,HIP1,51.62320795921153,99.60159,0.012948207,hip_component_flag,1
hipparcos2,brightest,369,7097,,15,3,22.87080767,15.34583101,9.33,0.72,27.14,-2.64,3.7914,0.974,HIP1,27.268098576908514,107.18114,0.077170424,hip_solution_type_not_5,1
hipparcos2,brightest,370,30867,G,15,3,97.20447391,-7.03305166,4.82,1.12,-6.86,-2.76,3.7921,-0.113,HIP1,7.3944032889747096,207.46887,0.23236513,parallax_frac_error_gt_0p1;hip_solution_type_not_5;hip_component_flag,3
hipparcos2,brightest,371,51624,P,5,0,158.20281326,9.30659422,0.6,0.18,-5.93,-3.4,3.7965,-0.148,HIP1,6.835561425369535,1666.6666,0.3,parallax_frac_error_gt_0p1;hip_component_flag,2
hipparcos2,brightest,372,71795,,15,3,220.28716825,13.72833156,18.56,0.76,51.95,-11.08,3.7971,0.044,HIP1,53.118442183482756,53.87931,0.040948275,hip_solution_type_not_5,1
hipparcos2,brightest,373,43783,,5,0,133.76192397,-60.64471188,10.2,0.1,-28.18,41.48,3.8046,-0.104,HIP1,50.146812461012914,98.039215,0.009803922,,0
hipparcos2,brightest,374,112961,,7,5,343.15360163,-7.57967866,8.47,0.66,17.02,33.03,3.8072,1.626,HIP1,37.15725097474247,118.06375,0.077922076,hip_solution_type_not_5,1
hipparcos2,brightest,375,78104,,5,0,239.22119466,-29.21401208,6.91,0.19,-15.68,-24.88,3.8095,-0.199,HIP1,29.40878780228794,144.7178,0.027496383,,0
hipparcos2,brightest,376,20205,,5,0,64.94805797,15.6277001,20.19,0.32,115.46,-23.42,3.8123,0.981,HIP1,117.811323734181,49.52947,0.01584943,,0
hipparcos2,brightest,377,80170,,5,0,245.48018195,19.15302179,16.93,0.22,-47.39,43.81,3.8125,0.299,HIP1,64.53780442500349,59.066746,0.012994683,,0
hipparcos2,brightest,378,95853,,5,0,292.42641387,51.72946748,26.88,0.11,20.59,128.33,3.8136,0.148,HIP1,129.97129298425867,37.20238,0.004092262,,0
hipparcos2,brightest,379,104887,,17,3,318.69727753,38.0443206,49.16,0.4,196.99,410.28,3.8228,0.393,HIP1,455.12057578184704,20.341742,0.008136696,hip_solution_type_not_5,1
hipparcos2,brightest,380,76952,,15,3,235.68599233,26.29551427,22.33,0.5,-111.65,49.52,3.8233,0.02,HIP1,122.13907196307004,44.782803,0.022391401,hip_solution_type_not_5,1
hipparcos2,brightest,381,80883,,15,3,247.72850509,1.98410093,18.84,0.55,-30.98,-73.42,3.8247,0.022,HIP1,79.68849854276337,53.078556,0.029193206,hip_solution_type_not_5,1
hipparcos2,brightest,382,9487,P,15,3,30.51166985,2.76376128,21.66,1.06,32.45,0.04,3.8281,0.024,HIP1,32.45002465330343,46.168053,0.048938133,hip_solution_type_not_5;hip_component_flag,2
hipparcos2,brightest,383,45688,,15,3,139.71111414,36.80289789,26.13,0.78,-32.33,-125.64,3.8299,0.066,HIP1,129.73295071029565,38.270187,0.029850746,hip_solution_type_not_5,1
hipparcos2,brightest,384,103227,,5,0,313.70241499,-58.45409481,5.33,0.16,20.79,-25.2,3.834,1.25,HIP1,32.669008249409714,187.61726,0.030018762,,0
hipparcos2,brightest,385,104060,,5,0,316.23273265,43.92785109,3.87,0.16,7.97,0.06,3.8343,1.609,HIP1,7.970225843726136,258.39795,0.04134367,,0
hipparcos2,brightest,386,55425,,17,3,170.25184231,-54.49101398,9.12,0.34,-35.85,-1.72,3.8358,-0.157,HIP1,35.891237092081404,109.649124,0.0372807,hip_solution_type_not_5,1
hipparcos2,brightest,387,97365,,55,3,296.84693825,18.53425889,5.49,0.72,-4.31,12.35,3.8364,1.313,HIP1,13.080466352542633,182.14937,0.13114755,parallax_frac_error_gt_0p1;hip_solution_type_not_5,2
hipparcos2,brightest,388,88794,,5,0,271.88562808,28.76247029,9.65,0.16,-0.02,8.55,3.8384,-0.018,HIP1,8.550023391780867,103.626945,0.016580312,,0
hipparcos2,brightest,389,61281,,1,0,188.37101045,69.78820988,6.65,0.34,-58.79,10.68,3.8414,-0.116,HIP1,59.7522091641807,150.37593,0.05112782,hip_solution_type_not_5,1
hipparcos2,brightest,390,110395,,1,2,335.41374933,-1.38735307,19.92,1.04,129.53,7.77,3.8423,-0.057,HIP1,129.76283674457798,50.2008,0.052208833,hip_solution_type_not_5,1
hipparcos2,brightest,391,60823,,5,0,187.01004828,-50.23060494,7.92,0.18,-32.36,-12.51,3.8436,-0.192,HIP1,34.69394327544795,126.26263,0.022727273,,0
hipparcos2,brightest,392,79992,,5,0,244.93519967,46.31327099,10.61,0.11,-13.33,38.48,3.8472,-0.151,HIP1,40.723449018962036,94.25071,0.010367578,,0
hipparcos2,brightest,393,48319,P,5,0,147.7487155,59.03910451,28.06,0.2,-295.2,-151.73,3.8476,0.291,HIP1,331.91118224609426,35.63792,0.007127584,hip_component_flag,1
hipparcos2,brightest,394,114971,,5,0,349.28955639,3.28224514,23.64,0.18,759.82,17.77,3.8482,0.916,HIP1,760.0277661375275,42.301186,0.0076142135,,0
hipparcos2,brightest,395,114341,,5,0,347.36150899,-21.17248556,12.05,0.22,55.4,30.49,3.8484,1.202,HIP1,63.23606644945588,82.98755,0.01825726,,0
hipparcos2,brightest,396,9007,,7,1,28.98680221,-51.60958691,56.02,0.38,680.92,283.46,3.8511,0.844,HIP1,737.5646534372427,17.850767,0.0067832917,hip_solution_type_not_5,1
hipparcos2,brightest,397,74376,G,95,3,227.98399257,-48.7377036,18.12,0.47,-96.5,-49.86,3.8523,-0.029,HIP1,108.61983980838859,55.187634,0.025938189,hip_solution_type_not_5;hip_component_flag,2
hipparcos2,brightest,398,87933,,5,0,269.44096081,29.24792539,23.84,0.15,82.44,-18.73,3.8533,0.935,HIP1,84.54091612941038,41.94631,0.0062919464,,0
hipparcos2,brightest,399,23453,P,75,4,75.61950031,41.07588922,4.15,0.29,9.45,-20.71,3.8549,1.154,HIP1,22.764151642439916,240.96385,0.06987952,hip_solution_type_not_5;hip_component_flag,2
hipparcos2,brightest,400,57399,,5,0,176.51305883,47.77933685,17.76,0.16,-138.29,28.57,3.855,1.181,HIP1,141.2103714321296,56.306305,0.009009008,,0
hipparcos2,brightest,401,73807,,15,3,226.27960679,-47.0511939,7.36,0.55,-22.98,-22.81,3.8552,-0.144,HIP1,32.37864265221753,135.86957,0.07472826,hip_solution_type_not_5,1
hipparcos2,brightest,402,17448,W,15,3,56.07969333,32.28827337,2.91,0.73,8.18,-10.43,3.8583,0.022,HIP1,13.255085816395153,343.6426,0.2508591,parallax_frac_error_gt_0p1;hip_solution_type_not_5;hip_component_flag,3
hipparcos2,brightest,403,8832,,17,3,28.38235766,19.29409257,19.88,0.96,79.2,-97.63,3.8584,-0.047,HIP1,125.71498279839201,50.30181,0.04828974,hip_solution_type_not_5,1
hipparcos2,brightest,404,17573,,5,0,56.45663811,24.36785797,8.51,0.28,20.95,-45.98,3.8591,-0.063,HIP1,50.5278428195782,117.50881,0.032902468,,0
hipparcos2,brightest,405,38414,D,1,1,118.05435646,-40.57579879,9.25,0.83,-18.0,5.01,3.8645,1.011,HIP1,18.684220615267847,108.10811,0.08972973,hip_solution_type_not_5;hip_component_flag,2
hipparcos2,brightest,406,16537,P,5,0,53.23509022,-9.45830604,310.94,0.16,-975.17,19.49,3.8652,0.881,HIP1,975.3647466460944,3.2160544,0.0005145687,hip_component_flag,1
hipparcos2,brightest,407,50191,,5,0,153.68447404,-42.12206275,32.18,0.15,-150.09,49.44,3.8653,0.051,HIP1,158.0231682380783,31.075201,0.0046612807,,0
hipparcos2,brightest,408,98036,,5,0,298.82819162,6.40793311,73.0,0.2,45.27,-481.91,3.8668,0.855,HIP1,484.0316322307872,13.69863,0.002739726,,0
hipparcos2,brightest,409,76276,P,15,3,233.70079178,10.53885915,14.3,0.75,-71.48,3.64,3.8677,0.268,HIP1,71.57262046341464,69.93007,0.05244755,hip_solution_type_not_5;hip_component_flag,2
hipparcos2,brightest,410,109176,,1,0,331.75197737,25.34504611,85.28,0.63,296.53,27.29,3.8678,0.435,HIP1,297.78311738579134,11.726079,0.0073874295,hip_solution_type_not_5,1
hipparcos2,brightest,411,21444,,5,0,69.07975228,-3.35244801,4.83,0.19,1.53,-5.01,3.8713,-0.21,HIP1,5.238415791057445,207.03934,0.039337475,,0
hipparcos2,brightest,412,45336,,1,1,138.59080474,2.31502504,28.74,1.55,114.64,-313.94,3.8713,-0.06,HIP1,334.21647655374505,34.794712,0.053931803,hip_solution_type_not_5,1
hipparcos2,brightest,413,17529,,5,0,56.29851451,42.57854465,5.86,0.22,-14.45,2.53,3.8717,0.425,HIP1,14.669812541406246,170.64845,0.03754266,,0
hipparcos2,brightest,414,89341,,5,0,273.44086939,-21.05883052,0.09,0.28,0.3,-0.48,3.8729,0.195,HIP1,0.5660388679233962,11111.11,3.111111,parallax_frac_error_gt_0p1,1
hipparcos2,brightest,415,61622,,7,0,189.42636615,-48.54128815,24.85,0.53,-186.26,-6.01,3.8752,0.049,HIP1,186.3569362808908,40.241447,0.021327967,hip_solution_type_not_5,1
hipparcos2,brightest,416,82363,,5,0,252.44629781,-59.04131654,10.9,0.2,39.73,-24.91,3.876,1.562,HIP1,46.8932937636076,91.743126,0.018348625,,0
hipparcos2,brightest,417,28358,,1,1,89.88145942,54.28498163,25.88,1.61,81.81,-132.98,3.8904,1.01,HIP1,156.12993466981274,38.639877,0.062210202,hip_solution_type_not_5,1
hipparcos2,brightest,418,87585,,5,0,268.3817895,56.87245205,28.98,0.12,93.82,78.5,3.8948,1.177,HIP1,122.32923771527393,34.506557,0.004140787,,0
hipparcos2,brightest,419,51232,,5,0,156.96977096,-58.7394087,2.43,0.12,-14.47,2.36,3.8953,0.317,HIP1,14.66119026545935,411.5226,0.049382713,,0
hipparcos2,brightest,420,13268,,5,0,42.67413627,55.89552946,3.71,0.21,16.23,-13.54,3.896,1.69,HIP1,21.136331280522644,269.54178,0.05660377,,0
hipparcos2,brightest,421,107089,D,1,2,325.36863468,-77.38946227,47.17,1.93,66.41,-239.1,3.8981,1.008,HIP1,248.15136126968957,21.199917,0.040915836,hip_solution_type_not_5;hip_component_flag,2
hipparcos2,brightest,422,41307,,5,0,126.41529522,-3.90636472,26.66,0.19,-66.43,-23.41,3.8987,-0.012,HIP1,70.43417494370188,37.509377,0.0071267816,,0
hipparcos2,brightest,423,60129,,7,1,184.97663092,-0.66674697,12.29,0.45,-57.58,-25.19,3.8992,0.026,HIP1,62.848965783058034,81.36697,0.036615133,hip_solution_type_not_5,1
hipparcos2,brightest,424,45101,,5,0,137.81986647,-62.31701588,6.01,0.12,-37.48,14.59,3.8999,-0.18,HIP1,40.219628292663266,166.38934,0.019966722,,0
hipparcos2,brightest,425,43023,,5,0,131.50689453,-46.04153923,1.76,0.14,-12.82,4.23,3.9006,0.015,HIP1,13.499825924803623,568.1818,0.07954545,,0
hipparcos2,brightest,426,26069,,5,5,83.40631789,-62.48985574,3.24,0.36,0.79,12.74,3.903,0.64,HIP1,12.76447022010706,308.64197,0.11111111,parallax_frac_error_gt_0p1,1
hipparcos2,brightest,427,4436,,1,2,14.18790714,38.49925521,25.14,0.86,153.48,36.49,3.9034,0.13,HIP1,157.75813925119678,39.77725,0.034208436,hip_solution_type_not_5,1
hipparcos2,brightest,428,8645,,1,1,27.8650443,-10.33494527,13.88,0.57,40.8,-37.25,3.9067,1.136,HIP1,55.2467419853877,72.04611,0.04106628,hip_solution_type_not_5,1
hipparcos2,brightest,429,27321,,5,0,86.82118072,-51.06671341,51.44,0.12,4.65,83.1,3.9077,0.171,HIP1,83.22999759702026,19.440125,0.002332815,,0
hipparcos2,brightest,430,59449,,1,1,182.91312943,-52.3684156,8.61,0.76,-34.92,-16.81,3.9086,-0.156,HIP1,38.75541897593161,116.14402,0.08826946,hip_solution_type_not_5,1
hipparcos2,brightest,431,51986,,17,3,159.32606984,-48.22561637,37.26,0.36,-133.41,-1.82,3.9098,0.3,HIP1,133.42241378419143,26.838434,0.009661837,hip_solution_type_not_5,1
hipparcos2,brightest,432,83207,,5,0,255.07252587,30.9263392,21.04,0.14,-47.69,26.9,3.9111,-0.018,HIP1,54.753503084277625,47.528515,0.006653992,,0
hipparcos2,brightest,433,99675,,75,4,303.40792697,46.74132505,3.69,0.41,4.78,1.21,3.9123,1.27,HIP1,4.930770730829005,271.00272,0.11111111,parallax_frac_error_gt_0p1;hip_solution_type_not_5,2
hipparcos2,brightest,434,107259,P,3,0,325.87689594,58.78005303,0.55,0.2,5.36,-3.51,3.9123,2.242,HIP1,6.407003980020615,1818.1818,0.36363637,parallax_frac_error_gt_0p1;hip_solution_type_not_5;hip_component_flag,3
hipparcos2,brightest,435,56211,,5,0,172.85120192,69.33112154,9.79,0.15,-40.97,-19.19,3.9165,1.613,HIP1,45.241540645738404,102.14505,0.015321758,,0
hipparcos2,brightest,436,18907,,5,0,60.78907039,5.98930896,27.89,0.19,4.72,-3.78,3.9203,0.032,HIP1,6.047048867009427,35.855145,0.0068124775,,0
hipparcos2,brightest,437,44511,,5,0,136.03883559,-47.09771373,10.89,0.11,-47.45,-9.75,3.9211,1.174,HIP1,48.44135629810545,91.82736,0.01010101,,0
hipparcos2,brightest,438,93683,,5,0,286.1705576,-21.74135444,22.96,0.24,76.35,-58.12,3.9215,1.011,HIP1,95.95445221562154,43.55401,0.010452962,,0
hipparcos2,brightest,439,5348,G,15,3,17.09608393,-55.2458325,10.92,0.39,20.87,30.64,3.9219,-0.12,HIP1,37.07244933909816,91.57509,0.035714284,hip_solution_type_not_5;hip_component_flag,2
hipparcos2,brightest,440,105881,,5,0,321.66678228,-22.41137849,8.46,0.21,-2.23,18.1,3.9246,1.002,HIP1,18.23685554036112,118.20331,0.024822693,,0
hipparcos2,brightest,441,27654,,5,0,87.82980354,-20.87751377,28.68,0.17,229.49,-648.41,3.9262,0.984,HIP1,687.8235153002549,34.867504,0.0059274756,,0
hipparcos2,brightest,442,42570,,5,0,130.1565638,-46.64875494,0.67,0.16,-6.05,4.66,3.929,0.67,HIP1,7.636628837386298,1492.5372,0.23880596,parallax_frac_error_gt_0p1,1
hipparcos2,brightest,443,34481,,95,3,107.18676973,-70.49919404,23.33,0.92,24.29,107.03,3.9295,1.006,HIP1,109.75165146821254,42.863266,0.039434206,hip_solution_type_not_5,1
hipparcos2,brightest,444,95347,,5,0,290.97146416,-40.61564649,17.94,0.22,30.49,-119.21,3.9295,-0.105,HIP1,123.04740631155131,55.74136,0.012263099,,0
hipparcos2,brightest,445,78933,,5,0,241.70180217,-20.66913466,6.92,0.26,-8.98,-23.48,3.9307,-0.046,HIP1,25.13863162544851,144.50867,0.037572253,,0
hipparcos2,brightest,446,20455,,1,0,65.73344726,17.54258445,20.96,0.58,106.56,-29.18,3.9308,0.983,HIP1,110.48305752467208,47.709927,0.027671756,hip_solution_type_not_5,1
hipparcos2,brightest,447,41312,,5,0,126.4343594,-66.13652029,30.33,0.1,-35.74,-152.22,3.9319,1.132,HIP1,156.3594448698255,32.970657,0.0032970656,,0
hipparcos2,brightest,448,92862,,5,0,283.83368822,43.94589263,10.94,0.12,21.05,82.06,3.9348,1.397,HIP1,84.71685841672837,91.407684,0.010968922,,0
hipparcos2,brightest,449,95241,,1,1,290.6595272,-44.4589109,10.4,1.14,13.67,-19.03,3.9357,-0.085,HIP1,23.4309581536906,96.15385,0.109615386,parallax_frac_error_gt_0p1;hip_solution_type_not_5,2
hipparcos2,brightest,450,53253,,5,0,163.37319221,-58.8532647,34.33,0.13,79.01,38.47,3.9412,0.945,HIP1,87.87787548638167,29.12904,0.003786775,,0
hipparcos2,brightest,451,47854,,5,0,146.31178125,-62.50792321,2.09,0.29,-12.88,8.19,3.9414,1.01,HIP1,15.263371187257421,478.46893,0.13875598,parallax_frac_error_gt_0p1,1
hipparcos2,brightest,452,71865,,5,0,220.49005319,-37.79342377,9.62,0.18,-29.92,-30.68,3.9422,-0.157,HIP1,42.85404064962836,103.9501,0.01871102,,0
hipparcos2,brightest,453,78072,,5,0,239.11247636,15.66473324,88.86,0.18,310.93,-1282.19,3.9456,0.478,HIP1,1319.3516062824194,11.253657,0.0020256585,,0
hipparcos2,brightest,454,103413,,55,3,314.29338166,41.16719394,8.71,0.34,9.64,-22.75,3.9504,0.027,HIP1,24.70813833537444,114.81056,0.039035592,hip_solution_type_not_5,1
hipparcos2,brightest,455,36046,,5,0,111.43198418,27.79828559,27.1,0.2,-122.66,-84.03,3.9507,1.024,HIP1,148.682603219072,36.900368,0.007380074,,0
hipparcos2,brightest,456,94779,,5,0,289.27545802,53.36816073,26.27,0.1,60.07,122.83,3.9512,0.95,HIP1,136.73190483570394,38.066235,0.0038066236,,0
hipparcos2,brightest,457,53229,,5,0,163.3276665,34.21556623,34.38,0.21,92.02,-285.82,3.9531,1.04,HIP1,300.2678018036566,29.086678,0.006108202,,0
hipparcos2,brightest,458,98495,,5,0,300.14747184,-72.91018427,31.04,0.17,81.78,-132.16,3.9531,-0.032,HIP1,155.41632475386876,32.216496,0.005476804,,0
hipparcos2,brightest,459,63003,,5,0,193.64857324,-57.17789113,7.87,0.17,-30.69,-13.08,3.9538,-0.18,HIP1,33.361092608006714,127.064804,0.021601018,,0
hipparcos2,brightest,460,77634,,5,0,237.73975775,-33.62710497,16.71,0.27,-5.1,-24.85,3.9547,-0.045,HIP1,25.3679423682726,59.844406,0.01615799,,0
hipparcos2,brightest,461,14668,,5,0,47.37345501,44.85788919,28.93,0.21,172.99,-143.4,3.9564,0.98,HIP1,224.69779727447263,34.566193,0.0072589004,,0
hipparcos2,brightest,462,51069,,5,0,156.52293759,-16.83609582,13.93,0.18,-129.17,-79.76,3.9567,1.456,HIP1,151.81089058430558,71.787506,0.0129217515,,0
hipparcos2,brightest,463,71957,,5,0,220.76484283,-5.65742908,54.73,0.2,103.28,-318.63,3.9589,0.385,HIP1,334.95049679019735,18.271515,0.003654303,,0
hipparcos2,brightest,464,9598,,5,0,30.8591264,72.42123962,20.76,0.14,-43.57,22.3,3.9602,-0.002,HIP1,48.94522346460378,48.169556,0.006743738,,0
hipparcos2,brightest,465,116584,,5,0,354.3904488,46.45917606,37.87,0.21,159.31,-422.38,3.9695,0.984,HIP1,451.4250109375864,26.406126,0.0055452865,,0
hipparcos2,brightest,466,22109,,5,0,71.37558779,-3.25462486,6.25,0.19,15.94,-14.52,3.9696,-0.148,HIP1,21.56186448338826,160.0,0.0304,,0
hipparcos2,brightest,467,88192,,1,0,270.16131465,2.93158728,2.65,0.54,1.15,-9.35,3.9704,0.029,HIP1,9.420456464524422,377.3585,0.20377359,parallax_frac_error_gt_0p1;hip_solution_type_not_5,2
hipparcos2,brightest,468,21393,,5,0,68.88779881,-30.56231068,15.25,0.19,-49.27,-12.72,3.973,0.957,HIP1,50.885472386526985,65.57377,0.012459016,,0
hipparcos2,brightest,469,72370,,5,0,221.96552535,-79.0447123,7.3,0.13,-4.58,-15.88,3.9796,1.433,HIP1,16.52727442744266,136.9863,0.017808218,,0
hipparcos2,brightest,470,8068,,5,0,25.91506366,50.68876539,4.54,0.2,24.59,-14.01,3.9801,-0.098,HIP1,28.301028249871063,220.26431,0.044052865,,0
hipparcos2,brightest,471,14879,,15,3,48.01783347,-28.98910634,70.24,0.45,370.87,611.33,3.9821,0.543,HIP1,715.0307166828569,14.236902,0.006406606,hip_solution_type_not_5,1
hipparcos2,brightest,472,35037,P,5,0,108.70275679,-26.77268606,3.58,0.17,-11.88,6.87,3.9854,-0.15,HIP1,13.723385150902091,279.32962,0.047486033,hip_component_flag,1
hipparcos2,brightest,473,19343,,5,0,62.1653055,47.71259362,6.84,0.16,21.73,-33.61,3.9864,-0.025,HIP1,40.02280599858036,146.19882,0.023391811,,0
hipparcos2,brightest,474,95168,P,5,0,290.4182303,-17.84725128,25.69,0.19,-25.87,21.46,3.9884,0.228,HIP1,33.612326607957385,38.92565,0.007395874,hip_component_flag,1
hipparcos2,brightest,475,30277,,75,4,95.52852188,-33.43627292,13.94,0.51,-24.23,-51.4,3.9932,0.858,HIP1,56.824756048750444,71.736015,0.036585364,hip_solution_type_not_5,1
hipparcos2,brightest,476,2072,,5,0,6.55048403,-43.67990951,42.0,0.15,106.2,32.15,3.9946,0.175,HIP1,110.95973368749584,23.809525,0.0035714288,,0
hipparcos2,brightest,477,60009,,1,0,184.60955291,-64.00304554,9.12,0.45,-33.8,-10.15,3.9952,-0.168,HIP1,35.29111077877827,109.649124,0.049342103,hip_solution_type_not_5,1
hipparcos2,brightest,478,71536,,5,0,219.47187988,-49.42575766,10.32,0.16,-28.26,-28.82,3.9964,-0.152,HIP1,40.36359746107872,96.89923,0.015503876,,0
hipparcos2,brightest,479,97433,,17,3,297.04255738,70.26783536,22.04,0.37,79.31,39.08,3.9974,0.888,HIP1,88.41562361935813,45.372047,0.016787658,hip_solution_type_not_5,1
hipparcos2,brightest,480,101421,,5,0,308.30318669,11.30333185,9.87,0.21,11.96,-28.97,3.9978,-0.123,HIP1,31.341705441791134,101.31712,0.021276595,,0
hipparcos2,brightest,481,17440,,75,4,56.04814575,-64.8070942,33.49,0.53,307.13,77.5,4.0019,1.133,HIP1,316.7571418295095,29.859657,0.015825618,hip_solution_type_not_5,1
hipparcos2,brightest,482,74117,,55,3,227.21095648,-45.27979457,4.2,0.66,-15.88,-26.8,4.0022,-0.162,HIP1,31.151475085459438,238.09525,0.15714288,parallax_frac_error_gt_0p1;hip_solution_type_not_5,2
hipparcos2,brightest,483,20885,,5,0,67.14346811,15.9622172,21.13,0.27,104.97,-15.14,4.0043,0.952,HIP1,106.05621386792949,47.32608,0.012778042,,0
hipparcos2,brightest,484,33152,,7,0,103.5331451,-24.18422314,0.22,0.43,-3.83,4.98,4.0047,1.74,HIP1,6.28245970938135,4545.4546,1.9545455,parallax_frac_error_gt_0p1;hip_solution_type_not_5,2
hipparcos2,brightest,485,90139,,5,0,275.92402824,21.77034241,27.42,0.4,195.79,-242.98,4.0052,1.168,HIP1,312.0464781086305,36.46973,0.014587892,,0
hipparcos2,brightest,486,91117,,5,0,278.8018241,-8.24330822,16.38,0.22,-17.0,-313.52,4.0071,1.317,HIP1,313.9805573598467,61.050064,0.0134310145,,0
hipparcos2,brightest,487,79374,,15,3,242.99891837,-19.46064685,6.88,0.76,-7.65,-23.71,4.0076,0.076,HIP1,24.91358264080058,145.34883,0.11046511,parallax_frac_error_gt_0p1;hip_solution_type_not_5,2
hipparcos2,brightest,488,12387,P,5,0,39.87061789,0.32851674,5.02,0.15,12.85,-2.94,4.0081,-0.212,HIP1,13.182037020127048,199.20319,0.029880479,hip_component_flag,1
hipparcos2,brightest,489,19747,,5,0,63.50033879,-42.29387282,28.36,0.12,42.02,-203.55,4.0124,1.085,HIP1,207.84196616660458,35.26093,0.0042313114,,0
hipparcos2,brightest,490,37677,,5,0,115.95196715,-28.95483504,0.59,0.17,-5.09,3.9,4.0152,0.16,HIP1,6.4123396666115555,1694.9153,0.28813562,parallax_frac_error_gt_0p1,1
hipparcos2,brightest,491,111497,,5,0,338.83887047,-0.11736125,19.43,0.25,89.74,-55.81,4.0159,-0.083,HIP1,105.67887064120244,51.466805,0.012866701,,0
hipparcos2,brightest,492,81065,,5,0,248.36443325,-78.89695904,20.87,0.16,-125.51,-78.25,4.0203,0.923,HIP1,147.90477544690705,47.915665,0.0076665063,,0
hipparcos2,brightest,493,10670,,5,0,34.328482,33.84732084,29.04,0.25,44.64,-52.57,4.0211,0.019,HIP1,68.96618374246903,34.43526,0.008608815,,0
hipparcos2,brightest,494,21594,,15,3,69.54529569,-14.30358698,29.69,0.37,-76.59,-176.78,4.0248,1.082,HIP1,192.65823756071268,33.681374,0.012462108,hip_solution_type_not_5,1
hipparcos2,brightest,495,79664,,5,0,243.85944247,-63.68564893,5.37,0.17,2.73,-12.92,4.0248,1.105,HIP1,13.205275460966348,186.21974,0.031657357,,0
hipparcos2,brightest,496,87808,,5,0,269.06324411,37.25052159,4.33,0.13,2.67,6.47,4.0284,1.35,HIP1,6.999271390652029,230.94688,0.030023094,,0
hipparcos2,brightest,497,18614,,1,0,59.7412487,35.79102722,2.62,0.51,3.62,1.74,4.0307,0.016,HIP1,4.016466108409232,381.6794,0.19465649,parallax_frac_error_gt_0p1;hip_solution_type_not_5,2
hipparcos2,brightest,498,38164,,15,3,117.30957939,-46.37322722,1.98,0.28,-4.37,8.66,4.031,-0.16,HIP1,9.700128865123391,505.0505,0.14141414,parallax_frac_error_gt_0p1;hip_solution_type_not_5,2
hipparcos2,brightest,499,25859,,1,1,82.80306422,-35.4704359,12.39,0.42,27.9,-34.72,4.0314,1.13,HIP1,44.540862138041284,80.71025,0.0338983,hip_solution_type_not_5,1
hipparcos2,brightest,500,55642,,15,3,170.98070335,10.52969776,42.24,0.83,141.45,-79.14,4.0331,0.423,HIP1,162.08405874730556,23.674242,0.01964962,hip_solution_type_not_5,1
