status,official_source,official_source_id,gaia_source_id,hip_source_id,proper_name,simbad_main_id,current_distance_source,reason_for_external_search,next_action,resolved_distance_pc,resolved_distance_error_pc,resolved_reference,resolution_notes
provisional,gaia,6092787730773333248,6092787730773333248,,,HD 124857,GEO_WEAK,prior_authority_review_likely_bad,seek_better_object_specific_measurement_before_promotion,825.491,29.438,"Gaia Collaboration 2018, A&A 616 A1 (Gaia DR2 I/345)",Exact DR2 source parallax 1.2114±0.0432 mas. The same source has DR3 parallax -0.1885±0.0568 mas and RUWE=2.34; retain DR2 as the best published value but audit the release/component conflict before promotion.
provisional,gaia,3396380255582857728,3396380255582857728,,,* 126 Tau,PHOTOGEO_WEAK,prior_authority_review_likely_bad,seek_better_object_specific_measurement_before_promotion,194.9,30.8,"van Leeuwen 2007, A&A 474 653 (2007A&A...474..653V)",Revised Hipparcos parallax 5.13±0.81 mas for the B3 IV visual multiple. The value is spectrally plausible; Gaia DR3 RUWE=4.80 is not usable as a single-star solution.
resolved,hip,6371,400665958469700608,6371,,HD   8160,HIP_EDSD,prior_authority_review_likely_bad;hipparcos_distance_is_generic_edsd_fallback,review_and_promote_to_versioned_override,603.57,17.2809,"Anders et al. 2022, A&A 658 A91 (2022A&A...658A..91A; VizieR I/354)",StarHorse EDR3 posterior: 16th–84th percentile 588.12–620.85 pc; fidelity=1.000; SH_OUTFLAG=0000; Gaia RUWE=1.55. Clean StarHorse result; supersedes the generic HIP_EDSD fallback.
provisional,hip,102558,2193401525619301632,102558,,V* V416 Cep,HIP_EDSD,prior_authority_review_likely_bad;hipparcos_distance_is_generic_edsd_fallback,seek_better_object_specific_measurement_before_promotion,857.64,42.82,"Bailer-Jones et al. 2021, AJ 161 147 (2021AJ....161..147B; VizieR I/352)","Gaia EDR3 photogeometric posterior 818.94–900.45 pc (16th–84th percentile), parallax 1.1569±0.0483 mas, RUWE=1.70. Best catalog distance for the long-period variable, but non-single astrometry remains marginal."
resolved,hip,90910,4283444727691310592,90910,,HD 171089,HIP_EDSD,prior_authority_review_likely_bad;hipparcos_distance_is_generic_edsd_fallback,review_and_promote_to_versioned_override,556.769,100.727,"Anders et al. 2022, A&A 658 A91 (2022A&A...658A..91A; VizieR I/354)",StarHorse EDR3 posterior: 16th–84th percentile 456.04–559.96 pc; fidelity=1.000; SH_OUTFLAG=0000; Gaia RUWE=2.04. Clean StarHorse result; supersedes the generic HIP_EDSD fallback.
resolved,hip,34935,3059185637349794048,34935,,BD-04  1862,HIP_EDSD,prior_authority_review_likely_bad;hipparcos_distance_is_generic_edsd_fallback,review_and_promote_to_versioned_override,1024.87,136.985,"Anders et al. 2022, A&A 658 A91 (2022A&A...658A..91A; VizieR I/354)",StarHorse EDR3 posterior: 16th–84th percentile 972.32–1161.86 pc; fidelity=1.000; SH_OUTFLAG=0000; Gaia RUWE=1.53. Clean StarHorse result; supersedes the generic HIP_EDSD fallback.
resolved,hip,27847,3428250287309752704,27847,,HD  39416,HIP_EDSD,prior_authority_review_likely_bad;hipparcos_distance_is_generic_edsd_fallback,review_and_promote_to_versioned_override,670.661,54.3616,"Anders et al. 2022, A&A 658 A91 (2022A&A...658A..91A; VizieR I/354)",StarHorse EDR3 posterior: 16th–84th percentile 616.30–717.28 pc; fidelity=0.999; SH_OUTFLAG=0000; Gaia RUWE=2.10. Clean StarHorse result; supersedes the generic HIP_EDSD fallback.
resolved,hip,86601,4500773165232873728,86601,,BD+15  3251,HIP_EDSD,prior_authority_review_likely_bad;hipparcos_distance_is_generic_edsd_fallback,review_and_promote_to_versioned_override,595.271,60.2073,"Anders et al. 2022, A&A 658 A91 (2022A&A...658A..91A; VizieR I/354)",StarHorse EDR3 posterior: 16th–84th percentile 538.29–655.48 pc; fidelity=1.000; SH_OUTFLAG=0000; Gaia RUWE=5.44. Clean StarHorse result; supersedes the generic HIP_EDSD fallback.
provisional,hip,38545,5601161619183311616,38545,,HD  64569,HIP_EDSD,prior_authority_review_likely_bad;hipparcos_distance_is_generic_edsd_fallback,seek_better_object_specific_measurement_before_promotion,696.506,101.942,"Anders et al. 2022, A&A 658 A91 (2022A&A...658A..91A; VizieR I/354)","StarHorse EDR3 posterior: 16th–84th percentile 663.98–798.45 pc; fidelity=1.000; SH_OUTFLAG=0010; Gaia RUWE=1.65. Best published catalog value, retained provisionally because a quality flag or low fidelity remains."
provisional,hip,111702,2008351622725309312,111702,,HD 214541,HIP_EDSD,prior_authority_review_likely_bad;hipparcos_distance_is_generic_edsd_fallback,seek_better_object_specific_measurement_before_promotion,419.373,17.4235,"Anders et al. 2022, A&A 658 A91 (2022A&A...658A..91A; VizieR I/354)","StarHorse EDR3 posterior: 16th–84th percentile 401.95–426.14 pc; fidelity=1.000; SH_OUTFLAG=0010; Gaia RUWE=2.15. Best published catalog value, retained provisionally because a quality flag or low fidelity remains."
resolved,hip,1056,2321529196147639296,1056,,HD    892,HIP_EDSD,prior_authority_review_likely_bad;hipparcos_distance_is_generic_edsd_fallback,review_and_promote_to_versioned_override,291.06,8.02663,"Anders et al. 2022, A&A 658 A91 (2022A&A...658A..91A; VizieR I/354)",StarHorse EDR3 posterior: 16th–84th percentile 284.08–299.09 pc; fidelity=1.000; SH_OUTFLAG=0000; Gaia RUWE=1.46. Clean StarHorse result; supersedes the generic HIP_EDSD fallback.
provisional,hip,16881,4848161218324030720,16881,,HD  22704,HIP_EDSD,prior_authority_review_likely_bad;hipparcos_distance_is_generic_edsd_fallback,seek_better_object_specific_measurement_before_promotion,292.074,2.3394,"Anders et al. 2022, A&A 658 A91 (2022A&A...658A..91A; VizieR I/354)","StarHorse EDR3 posterior: 16th–84th percentile 289.73–293.53 pc; fidelity=1.000; SH_OUTFLAG=1001; Gaia RUWE=1.43. Best published catalog value, retained provisionally because a quality flag or low fidelity remains."
resolved,hip,85773,5974713650999513600,85773,,HD 158564,HIP_EDSD,prior_authority_review_likely_bad;hipparcos_distance_is_generic_edsd_fallback,review_and_promote_to_versioned_override,560.162,74.3666,"Anders et al. 2022, A&A 658 A91 (2022A&A...658A..91A; VizieR I/354)",StarHorse EDR3 posterior: 16th–84th percentile 530.64–634.53 pc; fidelity=1.000; SH_OUTFLAG=0000; Gaia RUWE=2.87. Clean StarHorse result; supersedes the generic HIP_EDSD fallback.
provisional,hip,98642,4221182888892627200,98642,,HD 189824,HIP_EDSD,prior_authority_review_likely_bad;hipparcos_distance_is_generic_edsd_fallback,seek_better_object_specific_measurement_before_promotion,486.505,19.3365,"Anders et al. 2022, A&A 658 A91 (2022A&A...658A..91A; VizieR I/354)","StarHorse EDR3 posterior: 16th–84th percentile 476.47–505.84 pc; fidelity=1.000; SH_OUTFLAG=0010; Gaia RUWE=2.23. Best published catalog value, retained provisionally because a quality flag or low fidelity remains."
resolved,hip,61780,1541106185035156480,61780,,BD+45  2057,HIP_EDSD,prior_authority_review_likely_bad;hipparcos_distance_is_generic_edsd_fallback,review_and_promote_to_versioned_override,916.357,86.4001,"Anders et al. 2022, A&A 658 A91 (2022A&A...658A..91A; VizieR I/354)",StarHorse EDR3 posterior: 16th–84th percentile 844.27–1002.76 pc; fidelity=0.998; SH_OUTFLAG=0000; Gaia RUWE=2.95. Clean StarHorse result; supersedes the generic HIP_EDSD fallback.
resolved,gaia,3326740865570982400,3326740865570982400,,,*  15 Mon,PHOTOGEO_WEAK,prior_authority_review_likely_bad,review_and_promote_to_versioned_override,719,16,"Maiz Apellaniz 2019, A&A 630 A119 (doi:10.1051/0004-6361/201935885)","Robust Gaia DR2 distance to NGC 2264, whose main ionizing multiple is 15 Mon. The pipeline Gaia source is G=10.14 rather than the combined G≈4.66 system, so this also flags a component/photometry mismatch."
provisional,hip,94380,4313305917333012096,94380,,HD 179561,HIP_EDSD,prior_authority_review_likely_bad;hipparcos_distance_is_generic_edsd_fallback,seek_better_object_specific_measurement_before_promotion,467.509,0.37218,"Anders et al. 2022, A&A 658 A91 (2022A&A...658A..91A; VizieR I/354)","StarHorse EDR3 posterior: 16th–84th percentile 467.14–467.63 pc; fidelity=1.000; SH_OUTFLAG=0001; Gaia RUWE=2.93. Best published catalog value, retained provisionally because a quality flag or low fidelity remains."
resolved,hip,117896,1926365301241461888,117896,,HD 224068,HIP_EDSD,prior_authority_review_likely_bad;hipparcos_distance_is_generic_edsd_fallback,review_and_promote_to_versioned_override,850.342,156.528,"Anders et al. 2022, A&A 658 A91 (2022A&A...658A..91A; VizieR I/354)",StarHorse EDR3 posterior: 16th–84th percentile 821.94–1006.87 pc; fidelity=1.000; SH_OUTFLAG=0000; Gaia RUWE=2.15. Clean StarHorse result; supersedes the generic HIP_EDSD fallback.
resolved,hip,95199,6663290470077923456,95199,,HD 181246,HIP_EDSD,prior_authority_review_likely_bad;hipparcos_distance_is_generic_edsd_fallback,review_and_promote_to_versioned_override,575.003,39.4827,"Anders et al. 2022, A&A 658 A91 (2022A&A...658A..91A; VizieR I/354)",StarHorse EDR3 posterior: 16th–84th percentile 535.52–601.90 pc; fidelity=1.000; SH_OUTFLAG=0000; Gaia RUWE=6.11. Clean StarHorse result; supersedes the generic HIP_EDSD fallback.
resolved,hip,114789,6502330214106579712,114789,,HD 219269,HIP_EDSD,prior_authority_review_likely_bad;hipparcos_distance_is_generic_edsd_fallback,review_and_promote_to_versioned_override,281.71,12.3223,"Anders et al. 2022, A&A 658 A91 (2022A&A...658A..91A; VizieR I/354)",StarHorse EDR3 posterior: 16th–84th percentile 269.39–286.50 pc; fidelity=1.000; SH_OUTFLAG=0000; Gaia RUWE=3.66. Clean StarHorse result; supersedes the generic HIP_EDSD fallback.
resolved,hip,117863,1998148532777850880,117863,,* rho Cas,GEO_WEAK,prior_authority_review_likely_bad,review_and_promote_to_versioned_override,2800,300,"Anugu et al. 2024, ApJ 974 113 (doi:10.3847/1538-4357/ad6b2b); Quintana et al. 2025, A&A 697 A47",Gaia is corrupted by hypergiant surface/photocenter motion. CHARA adopts 2.5–3.1 kpc and modern Cas OB5 work places the association at 2.5–3.0 kpc; 2.8±0.3 kpc represents that literature range.
provisional,gaia,2028058994291893888,2028058994291893888,,,HD 186519,PHOTOGEO_WEAK,prior_authority_review_likely_bad,seek_better_object_specific_measurement_before_promotion,1300,300,"Prieur et al. 2002, ApJS 139 249 (2002ApJS..139..249P; doi:10.1086/338029)","PS Vul is the resolved composite system HD 186519/HD 186518. High-angular-resolution work adopts 1.3 kpc; Hipparcos and Gaia parallaxes are poor, so a conservative 0.3 kpc uncertainty is assigned."
provisional,hip,89341,4093933487636355968,89341,Polis,* mu. Sgr,HIP_EDSD,hipparcos_distance_is_generic_edsd_fallback,seek_better_object_specific_measurement_before_promotion,1520.59,30.4,"Bailer-Jones et al. 2021, AJ 161 147; Gaia Collaboration 2023, A&A 674 A1",The bright eclipsing primary lacks a five-parameter solution. The system distance uses the Bailer-Jones posterior for physical component E whose Gaia DR3 parallax is 0.6437±0.0380 mas; component D independently agrees at about 1.50 kpc. The component-membership assumption remains to be reviewed.
provisional,hip,111592,2008330491486269440,111592,,V* W Cep,GEO_WEAK,prior_authority_review_unresolved,seek_better_object_specific_measurement_before_promotion,2427,300,"Famaey et al. 2005, A&A 430 165 (2005A&A...430..165F)","W Cep is a red-supergiant binary and probable Cep OB1 member. Literature kinematics place it at 2427 pc; Gaia EDR3/Bailer-Jones gives an implausible ~9.4 kpc, so the association value is preferred with a conservative uncertainty."
resolved,hip,24988,4660601611448785152,24988,,HD 271182,GEO_WEAK,prior_authority_review_likely_bad,review_and_promote_to_versioned_override,49590,2500,"Pietrzynski et al. 2019, Nature 567 200 (doi:10.1038/s41586-019-0999-4)",Confirmed LMC massive-star identity. Adopt the 49.59 kpc eclipsing-binary geometric center distance; the 2.5 kpc uncertainty deliberately represents LMC line-of-sight depth and dominates the 0.55 kpc center error. Gaia/StarHorse foreground priors are not applicable.
provisional,gaia,6801284127165143296,6801284127165143296,,,HD 200245,PHOTOGEO_WEAK,prior_authority_review_likely_bad,seek_better_object_specific_measurement_before_promotion,469.052,456.802,"Anders et al. 2022, A&A 658 A91 (2022A&A...658A..91A; VizieR I/354)","StarHorse EDR3 posterior: 16th–84th percentile 433.08–925.85 pc; fidelity=0.741; SH_OUTFLAG=0000; Gaia RUWE=17.73. Best published catalog value, retained provisionally because a quality flag or low fidelity remains."
resolved,gaia,4685991705804612992,4685991705804612992,,,SkKM 172,GEO_WEAK,prior_authority_review_likely_bad,review_and_promote_to_versioned_override,62440,3000,"Graczyk et al. 2020, ApJ 904 13 (2020ApJ...904...13G; doi:10.3847/1538-4357/abbb2b)",Confirmed SMC massive-star identity. Adopt the 62.44 kpc eclipsing-binary geometric center distance; the 3.0 kpc uncertainty deliberately represents the SMC line-of-sight depth and dominates the 0.94 kpc center error. Gaia foreground priors are not applicable.
resolved,gaia,4687436704549343488,4687436704549343488,,,HD   6884,GEO_WEAK,prior_authority_review_unresolved,review_and_promote_to_versioned_override,62440,3000,"Graczyk et al. 2020, ApJ 904 13 (2020ApJ...904...13G; doi:10.3847/1538-4357/abbb2b)",Confirmed SMC massive-star identity. Adopt the 62.44 kpc eclipsing-binary geometric center distance; the 3.0 kpc uncertainty deliberately represents the SMC line-of-sight depth and dominates the 0.94 kpc center error. Gaia foreground priors are not applicable.
resolved,gaia,4658617199111762560,4658617199111762560,,,HD 269723,GEO_WEAK,prior_authority_review_unresolved,review_and_promote_to_versioned_override,49590,2500,"Pietrzynski et al. 2019, Nature 567 200 (doi:10.1038/s41586-019-0999-4)",Confirmed LMC massive-star identity. Adopt the 49.59 kpc eclipsing-binary geometric center distance; the 2.5 kpc uncertainty deliberately represents LMC line-of-sight depth and dominates the 0.55 kpc center error. Gaia/StarHorse foreground priors are not applicable.
resolved,hip,26311,,26311,Alnilam,* eps Ori,HIP_EDSD,hipparcos_distance_is_generic_edsd_fallback,review_and_promote_to_versioned_override,384,8,"Oplistilova et al. 2025, arXiv:2507.02276, VLTI observations of the Orion Belt stars I","Preferred ε Ori/Alnilam distance from Orion OB1b members, supported by diffuse interstellar bands and reddening; the paper explicitly rejects the older ~600 pc Hipparcos result."
resolved,gaia,4658193814095915776,4658193814095915776,,,V* S Dor,GEO_WEAK,prior_authority_review_unresolved,review_and_promote_to_versioned_override,49590,2500,"Pietrzynski et al. 2019, Nature 567 200 (doi:10.1038/s41586-019-0999-4)",Confirmed LMC massive-star identity. Adopt the 49.59 kpc eclipsing-binary geometric center distance; the 2.5 kpc uncertainty deliberately represents LMC line-of-sight depth and dominates the 0.55 kpc center error. Gaia/StarHorse foreground priors are not applicable.
resolved,gaia,459101393719884800,459101393719884800,,,V* S Per,GEO_WEAK,prior_authority_review_unresolved,review_and_promote_to_versioned_override,2420,110,"Asaki et al. 2010, ApJ 721 267 (doi:10.1088/0004-637X/721/1/267)",Six-year VLBI H2O-maser parallax 0.413±0.017 mas gives 2.42 +0.11/-0.09 kpc. This direct maser distance supersedes Gaia photocenter astrometry for the red supergiant.
resolved,gaia,4657630731032546176,4657630731032546176,,,HD 270046,PHOTOGEO_WEAK,prior_authority_review_unresolved,review_and_promote_to_versioned_override,49590,2500,"Pietrzynski et al. 2019, Nature 567 200 (doi:10.1038/s41586-019-0999-4)",Confirmed LMC massive-star identity. Adopt the 49.59 kpc eclipsing-binary geometric center distance; the 2.5 kpc uncertainty deliberately represents LMC line-of-sight depth and dominates the 0.55 kpc center error. Gaia/StarHorse foreground priors are not applicable.
provisional,gaia,5714795561789116288,5714795561789116288,,,HD  66146,GEO_WEAK,prior_authority_review_likely_bad,seek_better_object_specific_measurement_before_promotion,1936.34,903.098,"Anders et al. 2022, A&A 658 A91 (2022A&A...658A..91A; VizieR I/354)","StarHorse EDR3 posterior: 16th–84th percentile 1799.72–2839.44 pc; fidelity=0.157; SH_OUTFLAG=0000; Gaia RUWE=11.86. Best published catalog value, retained provisionally because a quality flag or low fidelity remains."
provisional,hip,3504,390548351252549760,3504,,* omi Cas,GEO_WEAK,prior_authority_review_likely_bad,seek_better_object_specific_measurement_before_promotion,212.558,19.4549,"Gaia Collaboration 2018, A&A 616 A1 (Gaia DR2 I/345)",Exact DR2 parallax 4.7046±0.4306 mas is spectrally plausible for ο Cas. DR3 changed to 0.5116±0.7336 mas with RUWE=3.12; use DR2 provisionally and retain the release-instability warning.
resolved,hip,23177,4662293897281149824,23177,,HD 270920,PHOTOGEO_WEAK,prior_authority_review_unresolved,review_and_promote_to_versioned_override,49590,2500,"Pietrzynski et al. 2019, Nature 567 200 (doi:10.1038/s41586-019-0999-4)",Confirmed LMC massive-star identity. Adopt the 49.59 kpc eclipsing-binary geometric center distance; the 2.5 kpc uncertainty deliberately represents LMC line-of-sight depth and dominates the 0.55 kpc center error. Gaia/StarHorse foreground priors are not applicable.
resolved,gaia,4657680513972093952,4657680513972093952,,,HD 269902,GEO_WEAK,prior_authority_review_unresolved,review_and_promote_to_versioned_override,49590,2500,"Pietrzynski et al. 2019, Nature 567 200 (doi:10.1038/s41586-019-0999-4)",Confirmed LMC massive-star identity. Adopt the 49.59 kpc eclipsing-binary geometric center distance; the 2.5 kpc uncertainty deliberately represents LMC line-of-sight depth and dominates the 0.55 kpc center error. Gaia/StarHorse foreground priors are not applicable.
resolved,hip,22794,4655460776104657408,22794,,HD 268757,PHOTOGEO_WEAK,prior_authority_review_likely_bad,review_and_promote_to_versioned_override,49590,2500,"Pietrzynski et al. 2019, Nature 567 200 (doi:10.1038/s41586-019-0999-4)",Confirmed LMC massive-star identity. Adopt the 49.59 kpc eclipsing-binary geometric center distance; the 2.5 kpc uncertainty deliberately represents LMC line-of-sight depth and dominates the 0.55 kpc center error. Gaia/StarHorse foreground priors are not applicable.
resolved,gaia,4661772144657955456,4661772144657955456,,,SP77  21-12,PHOTOGEO_WEAK,prior_authority_review_likely_bad,review_and_promote_to_versioned_override,49590,2500,"Pietrzynski et al. 2019, Nature 567 200 (doi:10.1038/s41586-019-0999-4)",Confirmed LMC massive-star identity. Adopt the 49.59 kpc eclipsing-binary geometric center distance; the 2.5 kpc uncertainty deliberately represents LMC line-of-sight depth and dominates the 0.55 kpc center error. Gaia/StarHorse foreground priors are not applicable.
resolved,gaia,4659451968980169984,4659451968980169984,,,HD 270111,PHOTOGEO_WEAK,prior_authority_review_likely_bad,review_and_promote_to_versioned_override,49590,2500,"Pietrzynski et al. 2019, Nature 567 200 (doi:10.1038/s41586-019-0999-4)",Confirmed LMC massive-star identity. Adopt the 49.59 kpc eclipsing-binary geometric center distance; the 2.5 kpc uncertainty deliberately represents LMC line-of-sight depth and dominates the 0.55 kpc center error. Gaia/StarHorse foreground priors are not applicable.
provisional,gaia,2191213153886504704,2191213153886504704,,,HD 203338,PHOTOGEO_WEAK,new_luminous_weak_astrometry,seek_better_object_specific_measurement_before_promotion,2052.39,768.58,"Bailer-Jones et al. 2021, AJ 161 147 (2021AJ....161..147B; VizieR I/352)","Gaia EDR3 geometric posterior 1470.71–2820.97 pc (16th–84th percentile), consistent with 1.8–2.2 kpc literature values for V381 Cep. A 4.6-arcsec catalog companion is foreground and must not set the system distance."
provisional,hip,42570,5521599549054493696,42570,,* b Vel,HIP_EDSD,hipparcos_distance_is_generic_edsd_fallback,seek_better_object_specific_measurement_before_promotion,2532.08,599.87,"Bailer-Jones et al. 2021, AJ 161 147 (2021AJ....161..147B; VizieR I/352)",Gaia EDR3 geometric posterior 2134.67–3131.95 pc for the F0 Ia supergiant; RUWE=2.56 makes the broad posterior preferable to direct parallax inversion.
resolved,gaia,4661827841784748032,4661827841784748032,,,HD 269145,PHOTOGEO_WEAK,prior_authority_review_unresolved,review_and_promote_to_versioned_override,49590,2500,"Pietrzynski et al. 2019, Nature 567 200 (doi:10.1038/s41586-019-0999-4)",Confirmed LMC massive-star identity. Adopt the 49.59 kpc eclipsing-binary geometric center distance; the 2.5 kpc uncertainty deliberately represents LMC line-of-sight depth and dominates the 0.55 kpc center error. Gaia/StarHorse foreground priors are not applicable.
resolved,gaia,4069737050648231424,4069737050648231424,,,V* VX Sgr,PHOTOGEO_WEAK,prior_authority_review_unresolved,review_and_promote_to_versioned_override,1560,110,"Xu et al. 2018, ApJ 859 14 (2018ApJ...859...14X; doi:10.3847/1538-4357/aabba6)",VLBI H2O-maser parallax 0.64±0.04 mas gives 1.56 +0.11/-0.10 kpc. Direct maser astrometry supersedes Gaia for the red hypergiant.
resolved,gaia,4658106269873047296,4658106269873047296,,,CD-69   310,PHOTOGEO_WEAK,prior_authority_review_likely_bad,review_and_promote_to_versioned_override,49590,2500,"Pietrzynski et al. 2019, Nature 567 200 (doi:10.1038/s41586-019-0999-4)",Confirmed LMC massive-star identity. Adopt the 49.59 kpc eclipsing-binary geometric center distance; the 2.5 kpc uncertainty deliberately represents LMC line-of-sight depth and dominates the 0.55 kpc center error. Gaia/StarHorse foreground priors are not applicable.
resolved,gaia,4658445056805046144,4658445056805046144,,,[W60] A23,PHOTOGEO_WEAK,prior_authority_review_likely_bad,review_and_promote_to_versioned_override,49590,2500,"Pietrzynski et al. 2019, Nature 567 200 (doi:10.1038/s41586-019-0999-4)",Confirmed LMC massive-star identity. Adopt the 49.59 kpc eclipsing-binary geometric center distance; the 2.5 kpc uncertainty deliberately represents LMC line-of-sight depth and dominates the 0.55 kpc center error. Gaia/StarHorse foreground priors are not applicable.
resolved,gaia,4652214880388720000,4652214880388720000,,,HD 269110,PHOTOGEO_WEAK,prior_authority_review_unresolved,review_and_promote_to_versioned_override,49590,2500,"Pietrzynski et al. 2019, Nature 567 200 (doi:10.1038/s41586-019-0999-4)",Confirmed LMC massive-star identity. Adopt the 49.59 kpc eclipsing-binary geometric center distance; the 2.5 kpc uncertainty deliberately represents LMC line-of-sight depth and dominates the 0.55 kpc center error. Gaia/StarHorse foreground priors are not applicable.
provisional,gaia,5614892075564826752,5614892075564826752,,,HD  60974,GEO_WEAK,prior_authority_review_likely_bad,seek_better_object_specific_measurement_before_promotion,257.354,50,"Stassun et al. 2019, AJ 158 138 (TIC v8; 2019AJ....158..138S)","TIC v8 distance for the A0 V visual double. Gaia DR3 parallax is -3.339±0.569 mas with RUWE=21.5 and is unusable; TIC supplies no formal distance error, so 50 pc is assigned conservatively."
resolved,gaia,4661730912968569984,4661730912968569984,,,HD  32034,PHOTOGEO_WEAK,prior_authority_review_unresolved,review_and_promote_to_versioned_override,49590,2500,"Pietrzynski et al. 2019, Nature 567 200 (doi:10.1038/s41586-019-0999-4)",Confirmed LMC massive-star identity. Adopt the 49.59 kpc eclipsing-binary geometric center distance; the 2.5 kpc uncertainty deliberately represents LMC line-of-sight depth and dominates the 0.55 kpc center error. Gaia/StarHorse foreground priors are not applicable.
provisional,gaia,4643634703890799360,4643634703890799360,,,DENIS J022715.6-734636,GEO_WEAK,prior_authority_review_likely_bad,seek_better_object_specific_measurement_before_promotion,13350.5,4063,"Suh 2020, AJ 160 83 (2020AJ....160...83S)","SIMBAD literature distance from the spectral-type/luminosity method. The source is not a confirmed SMC member and Gaia parallax is negative, so retain the published 13.35±4.06 kpc estimate provisionally."
provisional,hip,102258,2184235550013897344,102258,,V* V379 Cep,HIP_EDSD,hipparcos_distance_is_generic_edsd_fallback,seek_better_object_specific_measurement_before_promotion,858.058,100.733,"Anders et al. 2022, A&A 658 A91 (2022A&A...658A..91A; VizieR I/354)","StarHorse EDR3 posterior: 16th–84th percentile 826.67–958.79 pc; fidelity=1.000; SH_OUTFLAG=0010; Gaia RUWE=1.61. Best published catalog value, retained provisionally because a quality flag or low fidelity remains."
provisional,hip,96007,4214817880514992128,96007,,HD 183794,HIP_EDSD,hipparcos_distance_is_generic_edsd_fallback,seek_better_object_specific_measurement_before_promotion,754.34,35.35,"Gaia Collaboration 2023, A&A 674 A1 (Gaia DR3 I/355; source 4214817880514992128)","A 1-arcsec Gaia cone search recovers the bright B8 II primary: parallax 1.3257±0.0621 mas, RUWE=1.81. The close companion lacks a five-parameter solution; direct inversion is retained provisionally."
resolved,gaia,4657702886498144256,4657702886498144256,,,HD 269840,PHOTOGEO_WEAK,prior_authority_review_unresolved,review_and_promote_to_versioned_override,49590,2500,"Pietrzynski et al. 2019, Nature 567 200 (doi:10.1038/s41586-019-0999-4)",Confirmed LMC massive-star identity. Adopt the 49.59 kpc eclipsing-binary geometric center distance; the 2.5 kpc uncertainty deliberately represents LMC line-of-sight depth and dominates the 0.55 kpc center error. Gaia/StarHorse foreground priors are not applicable.
provisional,hip,29041,3423512766584044928,29041,,HD  41690,HIP_EDSD,hipparcos_distance_is_generic_edsd_fallback,seek_better_object_specific_measurement_before_promotion,1438.22,195.417,"Anders et al. 2022, A&A 658 A91 (2022A&A...658A..91A; VizieR I/354)","StarHorse EDR3 posterior: 16th–84th percentile 1427.40–1633.63 pc; fidelity=0.867; SH_OUTFLAG=0010; Gaia RUWE=1.58. Best published catalog value, retained provisionally because a quality flag or low fidelity remains."
resolved,hip,75629,6322696368047406976,75629,,HD 137610,HIP_EDSD,hipparcos_distance_is_generic_edsd_fallback,review_and_promote_to_versioned_override,737.986,62.0661,"Anders et al. 2022, A&A 658 A91 (2022A&A...658A..91A; VizieR I/354)",StarHorse EDR3 posterior: 16th–84th percentile 675.92–762.26 pc; fidelity=1.000; SH_OUTFLAG=0000; Gaia RUWE=2.20. Clean StarHorse result; supersedes the generic HIP_EDSD fallback.
resolved,gaia,5971289565647972608,5971289565647972608,,,* mu.01 Sco,GEO_WEAK,prior_authority_review_likely_bad,review_and_promote_to_versioned_override,153.6,21.5,"van Antwerpen & Moon 2010, MNRAS 401 2059 (doi:10.1111/j.1365-2966.2009.15796.x)",Binary analysis uses the revised Hipparcos parallax 6.51±0.91 mas and finds a distance of about 150 pc; a later binary solution gives a compatible ~135 pc photometric distance.
provisional,hip,117062,2209967244539184000,117062,,HD 222857,HIP_EDSD,hipparcos_distance_is_generic_edsd_fallback,seek_better_object_specific_measurement_before_promotion,385.94,18.3204,"Anders et al. 2022, A&A 658 A91 (2022A&A...658A..91A; VizieR I/354)","StarHorse EDR3 posterior: 16th–84th percentile 369.27–404.26 pc; fidelity=1.000; SH_OUTFLAG=0010; Gaia RUWE=2.99. Best published catalog value, retained provisionally because a quality flag or low fidelity remains."
resolved,gaia,4657274283151403520,4657274283151403520,,,HD 269786,PHOTOGEO_WEAK,prior_authority_review_unresolved,review_and_promote_to_versioned_override,49590,2500,"Pietrzynski et al. 2019, Nature 567 200 (doi:10.1038/s41586-019-0999-4)",Confirmed LMC massive-star identity. Adopt the 49.59 kpc eclipsing-binary geometric center distance; the 2.5 kpc uncertainty deliberately represents LMC line-of-sight depth and dominates the 0.55 kpc center error. Gaia/StarHorse foreground priors are not applicable.
provisional,hip,28832,3322294131312299520,28832,,HD  41379,HIP_EDSD,hipparcos_distance_is_generic_edsd_fallback,seek_better_object_specific_measurement_before_promotion,607.98,143.23,"Bailer-Jones et al. 2021, AJ 161 147 (2021AJ....161..147B; VizieR I/352)","Gaia EDR3 photogeometric posterior 483.51–751.21 pc for the A0 visual double. The geometric posterior is much broader and RUWE=3.95, so the photogeometric value is the best available but remains provisional."
resolved,hip,22392,4655349652394811136,22392,,HD 268654,GEO_WEAK,prior_authority_review_unresolved,review_and_promote_to_versioned_override,49590,2500,"Pietrzynski et al. 2019, Nature 567 200 (doi:10.1038/s41586-019-0999-4)",Confirmed LMC massive-star identity. Adopt the 49.59 kpc eclipsing-binary geometric center distance; the 2.5 kpc uncertainty deliberately represents LMC line-of-sight depth and dominates the 0.55 kpc center error. Gaia/StarHorse foreground priors are not applicable.
resolved,hip,52474,5239659925608199552,52474,,HD  93147,HIP_EDSD,hipparcos_distance_is_generic_edsd_fallback,review_and_promote_to_versioned_override,527.905,25.0483,"Anders et al. 2022, A&A 658 A91 (2022A&A...658A..91A; VizieR I/354)",StarHorse EDR3 posterior: 16th–84th percentile 510.86–552.95 pc; fidelity=1.000; SH_OUTFLAG=0000; Gaia RUWE=3.01. Clean StarHorse result; supersedes the generic HIP_EDSD fallback.
provisional,hip,60362,3468228736251652992,60362,,HD 107691,HIP_EDSD,prior_authority_review_likely_bad;hipparcos_distance_is_generic_edsd_fallback,seek_better_object_specific_measurement_before_promotion,279.52,1.93,"Gaia Collaboration 2023, A&A 674 A1 (Gaia DR3 I/355; source 3468228736250736512)","The 3.83-arcsec WDS component has matching proper motion, clean parallax 3.5776±0.0247 mas, and RUWE=1.44. The bright primary has RUWE=17.7; use the physical companion distance provisionally."
resolved,hip,2656,430763165145655296,2656,,HD   2973,HIP_EDSD,hipparcos_distance_is_generic_edsd_fallback,review_and_promote_to_versioned_override,1273.78,295.98,"Anders et al. 2022, A&A 658 A91 (2022A&A...658A..91A; VizieR I/354)",StarHorse EDR3 posterior: 16th–84th percentile 977.80–1397.89 pc; fidelity=0.946; SH_OUTFLAG=0000; Gaia RUWE=3.41. Clean StarHorse result; supersedes the generic HIP_EDSD fallback.
provisional,hip,104589,2177339344373810560,104589,,HD 202031,HIP_EDSD,prior_authority_review_unresolved;hipparcos_distance_is_generic_edsd_fallback,seek_better_object_specific_measurement_before_promotion,933.51,24.87,"Gaia Collaboration 2023, A&A 674 A1 (Gaia DR3 I/355; source 2177339344367608576)",The 1.04-arcsec WDS component has parallax 1.0712±0.0285 mas and RUWE=1.17; the primary gives a compatible 1.1489±0.0411 mas but RUWE=1.52. Use the clean physical component provisionally.
resolved,hip,33230,3358198820956034432,33230,,HD  50664,HIP_EDSD,hipparcos_distance_is_generic_edsd_fallback,review_and_promote_to_versioned_override,722.873,49.0254,"Anders et al. 2022, A&A 658 A91 (2022A&A...658A..91A; VizieR I/354)",StarHorse EDR3 posterior: 16th–84th percentile 687.32–771.90 pc; fidelity=1.000; SH_OUTFLAG=0000; Gaia RUWE=1.83. Clean StarHorse result; supersedes the generic HIP_EDSD fallback.
resolved,hip,13423,116488657053906816,13423,,HD  17851,HIP_EDSD,hipparcos_distance_is_generic_edsd_fallback,review_and_promote_to_versioned_override,547.304,24.7164,"Anders et al. 2022, A&A 658 A91 (2022A&A...658A..91A; VizieR I/354)",StarHorse EDR3 posterior: 16th–84th percentile 531.10–572.02 pc; fidelity=1.000; SH_OUTFLAG=0000; Gaia RUWE=1.42. Clean StarHorse result; supersedes the generic HIP_EDSD fallback.
provisional,hip,104862,1965037560440294016,104862,,HD 202420,HIP_EDSD,hipparcos_distance_is_generic_edsd_fallback,seek_better_object_specific_measurement_before_promotion,695.625,29.887,"Anders et al. 2022, A&A 658 A91 (2022A&A...658A..91A; VizieR I/354)","StarHorse EDR3 posterior: 16th–84th percentile 665.74–719.01 pc; fidelity=1.000; SH_OUTFLAG=0010; Gaia RUWE=1.72. Best published catalog value, retained provisionally because a quality flag or low fidelity remains."
resolved,hip,33183,2933166314729314176,33183,,HD  50913,HIP_EDSD,hipparcos_distance_is_generic_edsd_fallback,review_and_promote_to_versioned_override,475.936,16.8002,"Anders et al. 2022, A&A 658 A91 (2022A&A...658A..91A; VizieR I/354)",StarHorse EDR3 posterior: 16th–84th percentile 459.14–485.26 pc; fidelity=1.000; SH_OUTFLAG=0000; Gaia RUWE=2.39. Clean StarHorse result; supersedes the generic HIP_EDSD fallback.
resolved,hip,66985,3740506847951026944,66985,,BD+14  2655,HIP_EDSD,hipparcos_distance_is_generic_edsd_fallback,review_and_promote_to_versioned_override,499.709,28.0867,"Anders et al. 2022, A&A 658 A91 (2022A&A...658A..91A; VizieR I/354)",StarHorse EDR3 posterior: 16th–84th percentile 471.62–512.38 pc; fidelity=1.000; SH_OUTFLAG=0000; Gaia RUWE=3.74. Clean StarHorse result; supersedes the generic HIP_EDSD fallback.
provisional,hip,111220,2201706514904655232,111220,,HD 239989,HIP_EDSD,hipparcos_distance_is_generic_edsd_fallback,seek_better_object_specific_measurement_before_promotion,853.424,41.6295,"Anders et al. 2022, A&A 658 A91 (2022A&A...658A..91A; VizieR I/354)","StarHorse EDR3 posterior: 16th–84th percentile 840.18–895.05 pc; fidelity=1.000; SH_OUTFLAG=0010; Gaia RUWE=2.37. Best published catalog value, retained provisionally because a quality flag or low fidelity remains."
resolved,hip,111848,2008383302396655488,111848,,HD 240016,HIP_EDSD,hipparcos_distance_is_generic_edsd_fallback,review_and_promote_to_versioned_override,2142.75,53.8182,"Anders et al. 2022, A&A 658 A91 (2022A&A...658A..91A; VizieR I/354)",StarHorse EDR3 posterior: 16th–84th percentile 2088.93–2172.57 pc; fidelity=0.997; SH_OUTFLAG=0000; Gaia RUWE=3.04. Clean StarHorse result; supersedes the generic HIP_EDSD fallback.
resolved,hip,90733,2159560035181684352,90733,,BD+61  1752,HIP_EDSD,hipparcos_distance_is_generic_edsd_fallback,review_and_promote_to_versioned_override,614.945,50.9143,"Anders et al. 2022, A&A 658 A91 (2022A&A...658A..91A; VizieR I/354)",StarHorse EDR3 posterior: 16th–84th percentile 588.97–665.86 pc; fidelity=1.000; SH_OUTFLAG=0000; Gaia RUWE=4.80. Clean StarHorse result; supersedes the generic HIP_EDSD fallback.
resolved,gaia,5969673420936964864,5969673420936964864,,,HD 152623,PHOTOGEO_WEAK,prior_authority_review_likely_bad,review_and_promote_to_versioned_override,1630,150,"van der Meij et al. 2021, A&A 655 A31 (2021A&A...655A..31V)","HD 152623 is NGC 6231 member 334. Modern Gaia work gives 1.63±0.15 kpc for NGC 6231, agreeing with the long-standing 1.59–1.64 kpc cluster distance; the star’s own RUWE=17.95 is unusable."
resolved,hip,100957,4244692852673296384,100957,,HIP 100957,HIP_EDSD,hipparcos_distance_is_generic_edsd_fallback,review_and_promote_to_versioned_override,769.802,44.9526,"Anders et al. 2022, A&A 658 A91 (2022A&A...658A..91A; VizieR I/354)",StarHorse EDR3 posterior: 16th–84th percentile 732.75–814.75 pc; fidelity=1.000; SH_OUTFLAG=0000; Gaia RUWE=1.87. Clean StarHorse result; supersedes the generic HIP_EDSD fallback.
provisional,hip,109105,1961680446499080064,109105,,BD+42  4299,HIP_EDSD,prior_authority_review_likely_bad;hipparcos_distance_is_generic_edsd_fallback,seek_better_object_specific_measurement_before_promotion,993.697,372.991,"Anders et al. 2022, A&A 658 A91 (2022A&A...658A..91A; VizieR I/354)","StarHorse EDR3 posterior: 16th–84th percentile 620.71–1237.99 pc; fidelity=0.107; SH_OUTFLAG=0010; Gaia RUWE=19.82. Best published catalog value, retained provisionally because a quality flag or low fidelity remains."
provisional,hip,111126,1987860638689066368,111126,,BD+48  3750,PRIOR,gaia_distance_is_fixed_magnitude_prior,seek_better_object_specific_measurement_before_promotion,494.776,100,"Stassun et al. 2019, AJ 158 138 (TIC v8; TIC 249695076)","TIC v8 gives 494.776 pc for the A0 visual binary. Gaia has only a two-parameter source and Hipparcos parallax is 0.06±1.44 mas; TIC supplies no uncertainty, so 100 pc is assigned conservatively."
provisional,hip,56167,5335984943904659328,56167,,HD 100135,PRIOR,gaia_distance_is_fixed_magnitude_prior,seek_better_object_specific_measurement_before_promotion,1030.93,797.109,"Stassun et al. 2019, AJ 158 138 (TIC v8; TIC 318096228)",TIC v8 gives 1030.9±797.1 pc for the B5/7 III visual double. Gaia has no five-parameter solution and Hipparcos is low-S/N; this is weak but preferable to the fixed-magnitude prior.
provisional,hip,35904,5605797194566011520,35904,,* eta CMa,PRIOR,gaia_distance_is_fixed_magnitude_prior,seek_better_object_specific_measurement_before_promotion,803,55,"Fleming et al. 2023, MNRAS 523 5306 (2023MNRAS.523.5306F)","Modern Gaia DR3 clustering finds the Cr 121/CMa OB2 association at 803±55 pc. η CMa is a historical Cr 121 designation but was rejected by one Hipparcos-era census, so association membership and this distance remain provisional."
provisional,hip,47579,794709687248802048,47579,,BD+34  2017,PRIOR,prior_authority_review_likely_bad;gaia_distance_is_fixed_magnitude_prior,seek_better_object_specific_measurement_before_promotion,190.156,40,"Stassun et al. 2019, AJ 158 138 (TIC v8; TIC 289714543)","TIC v8 spectrophotometric distance for the F5 visual double. Gaia has only a two-parameter source and Hipparcos is unusable; TIC supplies no formal error, so 40 pc is assigned conservatively."
resolved,hip,5165,4933453324590295040,5165,,* bet Phe,PRIOR,prior_authority_review_likely_bad;gaia_distance_is_fixed_magnitude_prior,review_and_promote_to_versioned_override,55.77,1.65,"Argyle et al. 2015, Astron. Nachr. 336 378 (doi:10.1002/asna.201412166)",Visual-orbit reanalysis that accounts for the nearly equal G8 III components gives parallax 17.93±0.53 mas. This replaces the catastrophically bad single-source Hipparcos solution.
provisional,hip,27033,3222898280159162112,27033,,HD 288218,PRIOR,prior_authority_review_unresolved;gaia_distance_is_fixed_magnitude_prior,seek_better_object_specific_measurement_before_promotion,421.517,80,"Stassun et al. 2019, AJ 158 138 (TIC v8; TIC 199966021)","TIC v8 distance for the A2 star. Gaia has only a two-parameter source and Hipparcos is unusable; TIC supplies no formal error, so 80 pc is assigned conservatively."
